,filename,source,subset,class,pred
4,07dfb451-4378-49d1-b699-33a5fc49ff07___RS_HL_5399.JPG,plant_village,test,healthy,healthy
5,0b3e5032-8ae8-49ac-8157-a1cac3df01dd___RS_HL_1817.JPG,plant_village,test,healthy,healthy
10,142fb983-2166-4a0f-b99b-a6c21e99987e___RS_HL_5398.JPG,plant_village,test,healthy,healthy
11,14484ea5-9c34-427c-abe4-2743265aced0___RS_HL_4204.JPG,plant_village,test,healthy,healthy
13,163ada72-4288-4f85-a3c1-feed23c8d1de___RS_HL_1940.JPG,plant_village,test,healthy,healthy
16,1ae826e2-5148-47bd-a44c-711ec9cc9c75___RS_HL_1954.JPG,plant_village,test,healthy,healthy
21,22322780-95b4-4b45-b626-26b22965d55e___RS_HL_1880.JPG,plant_village,test,healthy,healthy
25,2d98cbc8-cbe6-423c-b2ab-3f7f8bcea5d5___RS_HL_1945.JPG,plant_village,test,healthy,healthy
28,30126310-39de-4c02-b10a-23409417a4f6___RS_HL_1826.JPG,plant_village,test,healthy,healthy
29,30937333-8898-4634-8c00-af57d3020ba6___RS_HL_1922.JPG,plant_village,test,healthy,healthy
33,38faf81d-c83b-42ca-b4c3-e3bbfa070589___RS_HL_1805.JPG,plant_village,test,healthy,healthy
36,3c0d6888-c7e1-4cf8-9c25-9a0b8c62ba72___RS_HL_1780.JPG,plant_village,test,healthy,healthy
37,3edf7c3f-73e0-439c-870d-76cfd7c3bc45___RS_HL_1859.JPG,plant_village,test,healthy,healthy
38,3f369e63-81eb-4194-a145-df9ed91abc5d___RS_HL_1745.JPG,plant_village,test,healthy,healthy
41,415ac4a2-8f16-4052-880e-1e1f208965f0___RS_HL_1884.JPG,plant_village,test,healthy,healthy
43,45bc0b37-ca59-4a89-8531-705af42a6fd5___RS_HL_1946.JPG,plant_village,test,healthy,healthy
46,4a08efaa-28cc-4356-8769-4002f4b299ef___RS_HL_1850.JPG,plant_village,test,healthy,healthy
51,533abd3a-3e1d-42d0-ae9c-5189282b78af___RS_HL_5369.JPG,plant_village,test,healthy,healthy
55,57e24d88-fd01-4422-b8b5-d688d2296184___RS_HL_5401.JPG,plant_village,test,healthy,healthy
59,5cb360dd-5c17-4c57-b31d-97cd8dd8d0bd___RS_HL_1797.JPG,plant_village,test,healthy,healthy
62,5e19b1f4-fd65-4c4d-bcd2-18c8c519eddb___RS_HL_1965.JPG,plant_village,test,healthy,healthy
64,5fcbde8f-52af-4963-b324-ff7f4dd6bd4c___RS_HL_1762.JPG,plant_village,test,healthy,healthy
73,774875d3-438a-4305-afe2-7d59e2925dc4___RS_HL_1759.JPG,plant_village,test,healthy,healthy
74,77c75478-e1f0-4aaa-9cbc-af1fed928a74___RS_HL_1748.JPG,plant_village,test,healthy,healthy
75,7948ada9-eabc-4cb7-a579-b73e938eb716___RS_HL_4185.JPG,plant_village,test,healthy,healthy
83,8665efd2-fa3d-45f8-b1c0-746c99fb7d1e___RS_HL_1924.JPG,plant_village,test,healthy,healthy
89,923d4cc3-021a-4bcd-9f5f-1d6f69e4ad33___RS_HL_1888.JPG,plant_village,test,healthy,healthy
92,9a6eb7c4-6b43-477a-89e0-69f62ef67991___RS_HL_1846.JPG,plant_village,test,healthy,healthy
95,9d7d1bb9-1b10-4a8f-a961-e404b9d5acf8___RS_HL_1960.JPG,plant_village,test,healthy,healthy
98,a3ec91aa-8503-4711-a912-0d1427e25686___RS_HL_5409.JPG,plant_village,test,healthy,healthy
99,a4d1d8cb-26a2-413f-a229-021e2eea87ac___RS_HL_1819.JPG,plant_village,test,healthy,healthy
100,a5050bde-febc-4931-b31d-45c9652df318___RS_HL_5373.JPG,plant_village,test,healthy,healthy
101,a8d687be-3777-403f-bae7-5c8c19340b3f___RS_HL_1738.JPG,plant_village,test,healthy,healthy
103,ad9b6cf4-e065-496d-91c7-5713ce14e19e___RS_HL_1926.JPG,plant_village,test,healthy,healthy
107,b35b9f8b-daca-4d12-a5be-defe68d0acc5___RS_HL_1903.JPG,plant_village,test,healthy,healthy
109,b42621c3-f751-46e1-a8d2-83ed85b90554___RS_HL_1740.JPG,plant_village,test,healthy,healthy
112,b89db9d3-a413-4781-bc88-5f6c2085ab5f___RS_HL_1909.JPG,plant_village,test,healthy,healthy
121,c3caa84b-6078-4489-80ac-919d92d25ff7___RS_HL_1772.JPG,plant_village,test,healthy,healthy
122,c548fe0e-21c2-4241-b806-1e438a1213bd___RS_HL_1770.JPG,plant_village,test,healthy,healthy
124,c6abf1da-b06f-4cd2-8af6-d68be5eff6f9___RS_HL_1766.JPG,plant_village,test,healthy,healthy
125,c85bacb0-e5e8-4127-a0b0-a7342f2cab5f___RS_HL_5406.JPG,plant_village,test,healthy,healthy
129,d287be3d-cac6-4485-8c31-674fb8b459be___RS_HL_1973.JPG,plant_village,test,healthy,healthy
132,d50a580b-46bd-47f5-a0bf-8535da774104___RS_HL_5408.JPG,plant_village,test,healthy,healthy
133,dbe4f332-9189-4b76-b30c-f0c9a55e48d3___RS_HL_1841.JPG,plant_village,test,healthy,healthy
138,e51367c1-d582-45e3-acf6-b0e652b43d3a___RS_HL_1873.JPG,plant_village,test,healthy,healthy
139,e693354a-053c-4093-8642-cc8f5f9eb2cc___RS_HL_1746.JPG,plant_village,test,healthy,healthy
153,002a55fb-7a3d-4a3a-aca8-ce2d5ebc6925___RS_Early.B_8170.JPG,plant_village,test,early_blight,early_blight
154,009c8c31-f22d-4ffd-8f16-189c6f06c577___RS_Early.B_7885.JPG,plant_village,test,early_blight,early_blight
156,0182e991-97f0-4805-a1f7-6e1b4306d518___RS_Early.B_7015.JPG,plant_village,test,early_blight,early_blight
158,0267d4ca-522e-4ca0-b1a2-ce925e5b54a2___RS_Early.B_7020.JPG,plant_village,test,early_blight,early_blight
167,04fd2a46-ddd4-4b0b-8f19-5ecca482a7d5___RS_Early.B_7273.JPG,plant_village,test,early_blight,early_blight
172,06ac6596-8d65-46dd-a343-a2209f3480e4___RS_Early.B_6921.JPG,plant_village,test,early_blight,early_blight
178,08194ca3-f0b2-4aaa-8df8-5ec5ddc6696a___RS_Early.B_8151.JPG,plant_village,test,early_blight,early_blight
184,08cf1add-91f8-41ea-bc13-54e7d1cb6da0___RS_Early.B_6865.JPG,plant_village,test,early_blight,early_blight
186,096a2c48-104c-4570-9e34-8dd60aa5ebcf___RS_Early.B_6979.JPG,plant_village,test,early_blight,early_blight
189,0a0744dc-8486-4fbb-a44b-4d63e6db6197___RS_Early.B_7575.JPG,plant_village,test,early_blight,early_blight
192,0a79700b-f834-41f5-ae51-6ceda6f67a48___RS_Early.B_8951.JPG,plant_village,test,early_blight,early_blight
196,0c4f6f72-c7a2-42e1-9671-41ab3bf37fe7___RS_Early.B_6752.JPG,plant_village,test,early_blight,early_blight
197,0c5b14d9-8b1c-4c39-bb23-1835b5760caa___RS_Early.B_7937.JPG,plant_village,test,early_blight,early_blight
201,0d987d4a-26bc-4f74-8a16-12f8969dfed8___RS_Early.B_7013.JPG,plant_village,test,early_blight,early_blight
204,0e0a1b51-f61c-4934-bc57-a820af1faacb___RS_Early.B_7147.JPG,plant_village,test,early_blight,early_blight
207,0ede4acd-3685-40d9-b52b-7b3cb6536fa8___RS_Early.B_7377.JPG,plant_village,test,early_blight,early_blight
209,0f9c098f-a6df-4a73-8c14-8e7d4dbb1b0b___RS_Early.B_7991.JPG,plant_village,test,early_blight,early_blight
213,1082eee1-189d-4e0f-96b5-8b1393be4c4c___RS_Early.B_8743.JPG,plant_village,test,early_blight,early_blight
217,1131b92e-ef46-441e-ac5f-c18ac09bf69a___RS_Early.B_8064.JPG,plant_village,test,early_blight,early_blight
223,12a7bc09-8d7f-4790-8046-6e3f12f71399___RS_Early.B_7973.JPG,plant_village,test,early_blight,early_blight
227,1367d3e9-74fe-4d61-ab24-dd389dcb5d54___RS_Early.B_8011.JPG,plant_village,test,early_blight,early_blight
228,13cfb9dc-8951-44c0-8c16-e96fd6ccc659___RS_Early.B_7070.JPG,plant_village,test,early_blight,early_blight
240,17756ec1-9c95-43b3-bedc-933b6e0887f3___RS_Early.B_8251.JPG,plant_village,test,early_blight,early_blight
242,1797b5ac-ed8b-4b35-bd01-f8a14d34d6e1___RS_Early.B_8812.JPG,plant_village,test,early_blight,early_blight
246,1994cd3e-4000-4c56-bede-d35a1eecc287___RS_Early.B_6867.JPG,plant_village,test,early_blight,early_blight
247,1a2970b6-bafd-4812-93bc-57ff969e1045___RS_Early.B_7330.JPG,plant_village,test,early_blight,early_blight
251,1b0a2898-00b9-4a12-b4dc-a89b77b9e8b7___RS_Early.B_6928.JPG,plant_village,test,early_blight,early_blight
256,1cb05d87-027d-4bf0-b5c4-4c1a57896ac6___RS_Early.B_7936.JPG,plant_village,test,early_blight,early_blight
257,1d038d64-7f3c-4b4d-9b3d-7736f97b59a0___RS_Early.B_7994.JPG,plant_village,test,early_blight,early_blight
258,1d18a770-8a16-4765-bae9-5d96f781db89___RS_Early.B_7803.JPG,plant_village,test,early_blight,early_blight
259,1d2ec63e-acfb-4a80-ba21-853a724fff4a___RS_Early.B_8083.JPG,plant_village,test,early_blight,early_blight
262,1d4fc5d0-fee6-40bf-8e7b-e1598ea64161___RS_Early.B_8912.JPG,plant_village,test,early_blight,early_blight
263,1daae61a-7014-4efe-b855-018999a5be9b___RS_Early.B_6852.JPG,plant_village,test,early_blight,early_blight
267,1e99ce6b-b7fa-4ae1-9076-279f430b8c5f___RS_Early.B_7092.JPG,plant_village,test,early_blight,early_blight
271,1f830d02-1fc6-41d6-99c6-851e0d2af4ad___RS_Early.B_9182.JPG,plant_village,test,early_blight,early_blight
272,1ff86a73-9f36-45c5-8012-c5d90445b7ac___RS_Early.B_8563.JPG,plant_village,test,early_blight,early_blight
275,20421747-c083-48a1-aed5-b1097ae50491___RS_Early.B_8203.JPG,plant_village,test,early_blight,early_blight
282,21d50c27-900e-4644-ab01-0cc96214d2f6___RS_Early.B_7153.JPG,plant_village,test,early_blight,early_blight
283,221c911f-e483-407c-b672-21150d09d57e___RS_Early.B_7678.JPG,plant_village,test,early_blight,early_blight
285,22d1678a-3abd-4fe6-ac13-b654e2589280___RS_Early.B_8523.JPG,plant_village,test,early_blight,early_blight
290,24a34259-1c47-4e87-ac83-5decf37b42e4___RS_Early.B_6896.JPG,plant_village,test,early_blight,early_blight
293,25642761-2905-48af-b8da-1064a0f6b876___RS_Early.B_6831.JPG,plant_village,test,early_blight,early_blight
296,268bb1c3-a714-46af-b6a5-bea66496158c___RS_Early.B_8678.JPG,plant_village,test,early_blight,early_blight
299,26d2af6a-f52e-457c-8006-fa106ad39fbe___RS_Early.B_8586.JPG,plant_village,test,early_blight,early_blight
302,2767ef91-3383-4872-9804-e0bcd2bc43fc___RS_Early.B_7783.JPG,plant_village,test,early_blight,early_blight
306,292a3f93-96a2-4b0d-879f-581136c57bcf___RS_Early.B_7099.JPG,plant_village,test,early_blight,early_blight
309,29922d76-0eda-4e7c-89af-7688c656bfdd___RS_Early.B_8353.JPG,plant_village,test,early_blight,early_blight
310,29978e78-7d4a-4fff-a659-52e45e9b96b3___RS_Early.B_7672.JPG,plant_village,test,early_blight,early_blight
311,29f79006-adf2-4d71-a6a8-bfc02c020b71___RS_Early.B_6833.JPG,plant_village,test,early_blight,early_blight
313,2a9d3616-0bf1-4d98-b649-0a46d36dab7c___RS_Early.B_6703.JPG,plant_village,test,early_blight,early_blight
314,2b1718b3-c951-4f24-b6ec-4eb7df77c913___RS_Early.B_7475.JPG,plant_village,test,early_blight,early_blight
315,2b3e46d9-09dd-4966-99c6-fe44c741b94c___RS_Early.B_8290.JPG,plant_village,test,early_blight,early_blight
317,2b8cfa81-e20f-4c28-b403-2cec2e5c0f2a___RS_Early.B_8145.JPG,plant_village,test,early_blight,early_blight
322,2c48971d-9f73-401d-a62a-f3729d08b6c2___RS_Early.B_7463.JPG,plant_village,test,early_blight,early_blight
323,2c5500a4-cfa4-4b46-8db4-443b995d39dd___RS_Early.B_8768.JPG,plant_village,test,early_blight,early_blight
324,2cafa90e-af46-4d0a-9137-9780d816b96a___RS_Early.B_7731.JPG,plant_village,test,early_blight,early_blight
327,2ce7e8d7-4cc9-4ab3-9d22-8f7ad21d8eda___RS_Early.B_8609.JPG,plant_village,test,early_blight,early_blight
330,2d344be7-2d5f-4d27-aeb2-b92c8191b877___RS_Early.B_7173.JPG,plant_village,test,early_blight,early_blight
337,306c45ac-6f97-4b7e-9fad-1c8c39870138___RS_Early.B_7673.JPG,plant_village,test,early_blight,early_blight
343,33019904-ac3b-4083-a192-ce4092758ddd___RS_Early.B_8344.JPG,plant_village,test,early_blight,early_blight
344,334fd34b-f4aa-4cc2-9ac9-8b85df65b96c___RS_Early.B_6773.JPG,plant_village,test,early_blight,early_blight
345,336e5156-8947-46a7-a6fb-e993255d9091___RS_Early.B_8085.JPG,plant_village,test,early_blight,early_blight
347,349730da-a627-4da6-90d5-707c4a3dba88___RS_Early.B_7553.JPG,plant_village,test,early_blight,early_blight
350,34d62dee-797e-4f31-9063-f6a285935b4d___RS_Early.B_6733.JPG,plant_village,test,early_blight,early_blight
353,34f44be4-9dc5-460b-896d-cd6593166fe7___RS_Early.B_8175.JPG,plant_village,test,early_blight,early_blight
356,3613b972-6af8-4a9a-be7f-bf68e4eb4cd0___RS_Early.B_6813.JPG,plant_village,test,early_blight,early_blight
359,37471260-d7b4-4ccd-901e-974332ef2eb9___RS_Early.B_7967.JPG,plant_village,test,early_blight,early_blight
363,37d94308-8783-4657-9ca6-eaca86e1015a___RS_Early.B_7825.JPG,plant_village,test,early_blight,early_blight
366,38807f81-ce49-4978-916a-a6cd2a95bfb0___RS_Early.B_8397.JPG,plant_village,test,early_blight,early_blight
370,3935d2ce-2d27-45ec-ab50-a53df9d30fa2___RS_Early.B_7437.JPG,plant_village,test,early_blight,early_blight
382,3db185d7-7c05-42f9-b508-7a3883e50660___RS_Early.B_7011.JPG,plant_village,test,early_blight,early_blight
384,3e7543bc-4792-4b65-afd9-f9ccd52b7319___RS_Early.B_8571.JPG,plant_village,test,early_blight,early_blight
386,3ec5894d-dcc2-4276-ba28-0048b6d5605a___RS_Early.B_8027.JPG,plant_village,test,early_blight,early_blight
394,41cc6e70-9745-413d-b13d-c4775bcdfa7c___RS_Early.B_7610.JPG,plant_village,test,early_blight,early_blight
395,41e155c4-eccf-4166-83cb-f110b2312c48___RS_Early.B_6985.JPG,plant_village,test,early_blight,early_blight
404,434ccb1f-7a21-47f4-96b5-3e87bf5fe2a2___RS_Early.B_6760.JPG,plant_village,test,early_blight,early_blight
407,43ddad18-d70a-49d3-97d6-9a5f82ddeecd___RS_Early.B_9069.JPG,plant_village,test,early_blight,early_blight
409,454203b9-0376-4db3-92ed-047545daa7c6___RS_Early.B_6953.JPG,plant_village,test,early_blight,early_blight
412,46819687-0705-4628-8748-9cb356587f30___RS_Early.B_8421.JPG,plant_village,test,early_blight,early_blight
413,4699d1d8-f931-4b1c-8fd4-03a58350a86d___RS_Early.B_8972.JPG,plant_village,test,early_blight,early_blight
417,4849de96-2e26-4c8d-8944-bd9e8edee5d8___RS_Early.B_9196.JPG,plant_village,test,early_blight,early_blight
418,4857420e-b28e-4bb5-aa03-5e333cf27af0___RS_Early.B_6847.JPG,plant_village,test,early_blight,early_blight
421,49b24f9e-12d4-4f32-8bc8-482d66514a17___RS_Early.B_8037.JPG,plant_village,test,early_blight,early_blight
424,4a06db68-bed1-4ae6-80ba-e9df70fa6f7b___RS_Early.B_8657.JPG,plant_village,test,early_blight,early_blight
429,4af8e9e9-077d-4c7b-859d-626f74d3b1ff___RS_Early.B_7738.JPG,plant_village,test,early_blight,early_blight
433,4bac4925-72ff-43e7-8726-5e2126c6c30d___RS_Early.B_8206.JPG,plant_village,test,early_blight,early_blight
434,4bba904e-b4af-4a81-8252-b8d997bc5057___RS_Early.B_7695.JPG,plant_village,test,early_blight,early_blight
435,4be99b40-e269-4c69-8c90-ac75514650af___RS_Early.B_6830.JPG,plant_village,test,early_blight,early_blight
437,4c7622da-663c-48df-8005-355fff221fe1___RS_Early.B_8432.JPG,plant_village,test,early_blight,early_blight
440,4d5d6c62-61d8-45a3-aada-3ee8bc44e1d5___RS_Early.B_6685.JPG,plant_village,test,early_blight,early_blight
451,4f20f0e5-b870-414c-99a0-136575a61ce5___RS_Early.B_6724.JPG,plant_village,test,early_blight,early_blight
452,4f5ed8b8-7266-451d-a726-c1dbba2e5381___RS_Early.B_7384.JPG,plant_village,test,early_blight,early_blight
454,510146c8-7368-4acc-847d-523f55b3d424___RS_Early.B_6678.JPG,plant_village,test,early_blight,early_blight
455,519e17be-a518-410a-ad3e-153d07fc3563___RS_Early.B_7711.JPG,plant_village,test,early_blight,early_blight
457,51bc94fe-ba23-4776-a9ec-727e55015acb___RS_Early.B_8267.JPG,plant_village,test,early_blight,early_blight
461,51f59871-72dc-490c-a550-9e7869142284___RS_Early.B_7224.JPG,plant_village,test,early_blight,early_blight
463,524142aa-78fb-4fab-895c-ddb993d07479___RS_Early.B_7435.JPG,plant_village,test,early_blight,early_blight
464,52fb5725-33cf-4076-9abc-93311d027da2___RS_Early.B_8415.JPG,plant_village,test,early_blight,early_blight
473,54eebf69-9501-4f9e-b923-1ef61f31d93c___RS_Early.B_7098.JPG,plant_village,test,early_blight,early_blight
474,5585ecfc-6e6e-4544-8e6d-180d958b7211___RS_Early.B_7619.JPG,plant_village,test,early_blight,early_blight
481,57bb36be-b5bc-44e0-91e5-0b1b4d31bc82___RS_Early.B_7311.JPG,plant_village,test,early_blight,early_blight
483,583fa343-d5be-414b-bd95-f674313bd882___RS_Early.B_7681.JPG,plant_village,test,early_blight,early_blight
485,5888d397-4e83-4fac-bcf7-0de778966d36___RS_Early.B_7418.JPG,plant_village,test,early_blight,early_blight
486,58a381f9-5315-4865-9b35-43df8fd9bf42___RS_Early.B_9027.JPG,plant_village,test,early_blight,early_blight
487,58cb5c58-3161-4476-9361-3ee2673cc82b___RS_Early.B_7368.JPG,plant_village,test,early_blight,early_blight
492,5a6f3209-223e-43e5-8680-41dd3d5091ce___RS_Early.B_7288.JPG,plant_village,test,early_blight,early_blight
495,5ada96db-43de-4510-8c10-eaaebb106c0c___RS_Early.B_7216.JPG,plant_village,test,early_blight,early_blight
496,5aee3e9f-0469-42e7-8ae7-56f7a1900fd5___RS_Early.B_9091.JPG,plant_village,test,early_blight,early_blight
503,5cb0b99b-2e14-43b3-aa51-51a7ce668793___RS_Early.B_7455.JPG,plant_village,test,early_blight,early_blight
505,5dbb2c15-fc42-4611-b590-9d92d4ce2a85___RS_Early.B_7312.JPG,plant_village,test,early_blight,early_blight
509,5dfcdf05-e64e-4992-84b8-a9fc9c49ce3c___RS_Early.B_6711.JPG,plant_village,test,early_blight,early_blight
511,5fa695b2-89f6-4c5e-b62f-2be61e2ad23a___RS_Early.B_7232.JPG,plant_village,test,early_blight,early_blight
513,5fd6c76a-1e89-4991-9991-2b61670d5175___RS_Early.B_8208.JPG,plant_village,test,early_blight,early_blight
519,6173dbe2-1379-4241-a43e-7cbad448b6cc___RS_Early.B_6993.JPG,plant_village,test,early_blight,early_blight
520,61a602c4-02e3-49e5-9858-5b1d4d4795f7___RS_Early.B_7875.JPG,plant_village,test,early_blight,early_blight
535,654aaf22-e23a-441d-ad57-914843a36c64___RS_Early.B_7924.JPG,plant_village,test,early_blight,early_blight
540,66642302-1334-4c23-8613-f98387352360___RS_Early.B_8766.JPG,plant_village,test,early_blight,early_blight
541,66785df0-db24-4c3d-821b-8ab94e7e6a06___RS_Early.B_7086.JPG,plant_village,test,early_blight,early_blight
544,66b6c6d1-fe63-4c7e-8054-bdf6ff67ff57___RS_Early.B_7514.JPG,plant_village,test,early_blight,early_blight
547,677662b1-2c4e-4d93-b4fd-950815b9d2c8___RS_Early.B_8813.JPG,plant_village,test,early_blight,early_blight
549,67f2bf79-1d71-4748-bcd6-a65006f12981___RS_Early.B_7289.JPG,plant_village,test,early_blight,early_blight
551,686938d8-5fcc-4482-850f-0e8720206046___RS_Early.B_7769.JPG,plant_village,test,early_blight,early_blight
562,6b8024be-e45f-459f-9817-8d6fb0dda89a___RS_Early.B_6904.JPG,plant_village,test,early_blight,early_blight
566,6c5385cd-d362-4810-b4e8-58ab768c706c___RS_Early.B_8323.JPG,plant_village,test,early_blight,early_blight
567,6cd05602-f131-47a3-a7ef-f328a13e4f1e___RS_Early.B_7079.JPG,plant_village,test,early_blight,early_blight
570,6d1cebfa-ad84-484e-9f30-f8fffb289072___RS_Early.B_7703.JPG,plant_village,test,early_blight,early_blight
571,6dfdd5be-0999-4a5c-a35d-c760043fec23___RS_Early.B_8701.JPG,plant_village,test,early_blight,early_blight
580,70a2aa43-f50f-448b-bd98-9315f27cf456___RS_Early.B_7927.JPG,plant_village,test,early_blight,early_blight
585,72013507-bfce-4b7a-b56e-f66a94cb4558___RS_Early.B_7930.JPG,plant_village,test,early_blight,early_blight
586,7227b3db-c212-4370-8b42-443eea1577aa___RS_Early.B_7306.JPG,plant_village,test,early_blight,early_blight
587,722bc78a-a1e0-481b-b5a3-cb3357f2f350___RS_Early.B_6803.JPG,plant_village,test,early_blight,early_blight
589,72c4221d-f82b-48fc-a91e-8aa46f5cb0cc___RS_Early.B_8399.JPG,plant_village,test,early_blight,early_blight
594,73845010-b5b2-4604-8055-388c4222592a___RS_Early.B_6767.JPG,plant_village,test,early_blight,early_blight
595,73cf20a6-b2c4-4302-a664-c43dccb78cfb___RS_Early.B_6930.JPG,plant_village,test,early_blight,early_blight
596,73d47ccd-4f15-4d93-90d1-5c35dbedd91e___RS_Early.B_7567.JPG,plant_village,test,early_blight,early_blight
604,769b00f1-f5cf-4dee-a2c6-6e97414450f6___RS_Early.B_9149.JPG,plant_village,test,early_blight,early_blight
611,78313ae7-3589-4d23-a5b6-0457e500bd1a___RS_Early.B_6768.JPG,plant_village,test,early_blight,early_blight
615,7a3630ed-a43c-4957-a604-1de05e8e7f32___RS_Early.B_6795.JPG,plant_village,test,early_blight,early_blight
617,7a84da2c-6c10-483f-9994-69aeedc21a57___RS_Early.B_7534.JPG,plant_village,test,early_blight,early_blight
618,7a8f295d-dc08-4a25-ba7a-28995729b6b6___RS_Early.B_8243.JPG,plant_village,test,early_blight,early_blight
620,7b95c3ad-d550-4cc8-96e0-549ec04c7dea___RS_Early.B_7342.JPG,plant_village,test,early_blight,early_blight
624,7cc0cb45-7fae-4d55-8dce-aa5e4484b7d9___RS_Early.B_7088.JPG,plant_village,test,early_blight,early_blight
625,7d056cd3-76d1-49f5-8491-a25e4fc4f852___RS_Early.B_8414.JPG,plant_village,test,early_blight,early_blight
626,7d90df0a-da17-4641-9006-75aa7de6ed5e___RS_Early.B_8702.JPG,plant_village,test,early_blight,early_blight
633,8081f3a1-d992-43bf-afa4-402ed06a83b1___RS_Early.B_6860.JPG,plant_village,test,early_blight,early_blight
636,82048f32-5a2c-491c-8771-109a1024fd5a___RS_Early.B_8199.JPG,plant_village,test,early_blight,early_blight
641,82cdc0bb-ac22-429d-ad70-2ec0d771dd39___RS_Early.B_7405.JPG,plant_village,test,early_blight,early_blight
642,833c373e-d3fc-4d1e-86e7-8bd11d41a33e___RS_Early.B_7509.JPG,plant_village,test,early_blight,early_blight
654,84a61cf3-fdc2-42bd-82d8-8dcf20e9d374___RS_Early.B_8130.JPG,plant_village,test,early_blight,early_blight
656,85531704-18a5-4f98-8c1d-25709ecf77f8___RS_Early.B_8214.JPG,plant_village,test,early_blight,early_blight
662,86a65e8c-c7cf-45f7-8619-422eb6f1a40d___RS_Early.B_7745.JPG,plant_village,test,early_blight,early_blight
668,88c63d75-4423-4233-9097-728af8a52033___RS_Early.B_6862.JPG,plant_village,test,early_blight,early_blight
671,8994b76b-6e1e-42d3-b07c-99abca3fa35b___RS_Early.B_7762.JPG,plant_village,test,early_blight,early_blight
675,8ace7694-6cdd-495e-a987-f9c0ee82bcab___RS_Early.B_9016.JPG,plant_village,test,early_blight,early_blight
680,8c01f338-2648-4bcf-99cb-853978b39014___RS_Early.B_6742.JPG,plant_village,test,early_blight,early_blight
681,8c1f94fb-d8e0-4607-a967-b71408dfd1ab___RS_Early.B_8723.JPG,plant_village,test,early_blight,early_blight
682,8c3d0f9e-3a77-4ec2-a9ad-d996caa2c562___RS_Early.B_6887.JPG,plant_village,test,early_blight,early_blight
685,8d8382dc-c4aa-4118-8aae-d0c372dce562___RS_Early.B_7336.JPG,plant_village,test,early_blight,early_blight
687,8df7a062-73d6-468e-8354-baa641dd69b3___RS_Early.B_7072.JPG,plant_village,test,early_blight,early_blight
688,8e05b766-d0a9-4621-9bb4-d16bef411dda___RS_Early.B_7238.JPG,plant_village,test,early_blight,early_blight
692,8ee79bf1-78d0-4c93-b42c-301d54e64f41___RS_Early.B_8388.JPG,plant_village,test,early_blight,early_blight
700,8ff3274d-02b2-4859-9415-982aa4ec7d8c___RS_Early.B_7465.JPG,plant_village,test,early_blight,early_blight
704,904dba96-8ff1-45e2-af16-9c9cc5865c32___RS_Early.B_7349.JPG,plant_village,test,early_blight,early_blight
706,906bb6f0-e61b-42f2-83a9-22593dadcedc___RS_Early.B_8564.JPG,plant_village,test,early_blight,early_blight
710,91008080-0b15-41f0-ab72-5b6a3582239d___RS_Early.B_6954.JPG,plant_village,test,early_blight,early_blight
712,9125d133-5b86-4363-8fbe-79c813ac8795___RS_Early.B_6748.JPG,plant_village,test,early_blight,early_blight
715,91a21acf-c95a-4ffc-90f2-8c64456f4032___RS_Early.B_7139.JPG,plant_village,test,early_blight,early_blight
717,92757a8e-b68a-45b3-9d70-0281c8ea90ca___RS_Early.B_7199.JPG,plant_village,test,early_blight,early_blight
726,9541d815-f209-4f13-892e-ca4e97ae5d8e___RS_Early.B_8981.JPG,plant_village,test,early_blight,early_blight
728,95cd8c85-b3b1-4d90-828d-1c93ea98977a___RS_Early.B_9109.JPG,plant_village,test,early_blight,early_blight
737,98de061b-990e-4395-a50a-975c0fab5a4a___RS_Early.B_7394.JPG,plant_village,test,early_blight,early_blight
740,993bc916-4517-45cf-a5bd-90ee95dd35fd___RS_Early.B_8452.JPG,plant_village,test,early_blight,early_blight
742,99821810-926a-4ac4-9bc7-cbae991f7e68___RS_Early.B_7626.JPG,plant_village,test,early_blight,early_blight
744,99fedd87-d173-4b2f-8bb1-26465641af4d___RS_Early.B_7372.JPG,plant_village,test,early_blight,early_blight
745,9a157bfb-073a-46b2-95c6-16792e30e03f___RS_Early.B_7409.JPG,plant_village,test,early_blight,early_blight
746,9b5f25b9-9f30-478a-9710-fc79dafaf62e___RS_Early.B_6739.JPG,plant_village,test,early_blight,early_blight
748,9bc2ecbb-4a3c-43be-80ce-c6ac77e4b498___RS_Early.B_7145.JPG,plant_village,test,early_blight,early_blight
751,9ca7d203-7b7c-4f5c-911f-fc225f3c5b77___RS_Early.B_7557.JPG,plant_village,test,early_blight,early_blight
758,9db872fc-f367-4dfa-b1f7-23490bb4552b___RS_Early.B_8842.JPG,plant_village,test,early_blight,early_blight
762,9ebf9d7d-0cfe-44f5-9126-89c70d38321a___RS_Early.B_8986.JPG,plant_village,test,early_blight,early_blight
764,a01521f0-27be-4688-9d28-07d09ef80920___RS_Early.B_7119.JPG,plant_village,test,early_blight,early_blight
766,a08eec21-8500-4ac5-92a9-d9b14067f01c___RS_Early.B_8985.JPG,plant_village,test,early_blight,early_blight
767,a0d8a499-e9e4-4c88-829c-7c2270073735___RS_Early.B_8525.JPG,plant_village,test,early_blight,early_blight
768,a10b278a-fcce-4cf4-aada-254e89050be5___RS_Early.B_7524.JPG,plant_village,test,early_blight,early_blight
772,a2fe15c2-1900-4fbd-9e69-771b1693cc68___RS_Early.B_7398.JPG,plant_village,test,early_blight,early_blight
780,a50c5f93-a5db-4eaf-9d82-2e420d2351e7___RS_Early.B_7060.JPG,plant_village,test,early_blight,early_blight
781,a5b278e7-448e-40ae-80c2-d286f2681d10___RS_Early.B_7900.JPG,plant_village,test,early_blight,early_blight
782,a5e73fd4-6d3e-4037-b440-f4e5234e4459___RS_Early.B_7645.JPG,plant_village,test,early_blight,early_blight
784,a601dd4d-4e81-4327-9e4e-fd19262a1306___RS_Early.B_8265.JPG,plant_village,test,early_blight,early_blight
790,a8933319-d98e-4e71-a2ac-e22f7e1bca08___RS_Early.B_7499.JPG,plant_village,test,early_blight,early_blight
792,a938ba0c-780a-41e0-b26c-3c6b87047ac6___RS_Early.B_6878.JPG,plant_village,test,early_blight,early_blight
794,aa0ad1ba-f08a-4376-82a1-fec51fbf6810___RS_Early.B_7478.JPG,plant_village,test,early_blight,early_blight
796,aa687aac-2f1a-44d8-89aa-3f7d413b4763___RS_Early.B_8055.JPG,plant_village,test,early_blight,early_blight
801,ab808dff-e0fc-42d0-ad9a-c4cb7f69e59b___RS_Early.B_9210.JPG,plant_village,test,early_blight,early_blight
805,ac6c3aea-ad58-4b46-b0d2-195dba86e0f6___RS_Early.B_7926.JPG,plant_village,test,early_blight,early_blight
806,acb59a95-cbe4-4602-9b8a-9adbf12899af___RS_Early.B_6754.JPG,plant_village,test,early_blight,early_blight
811,ae25f262-234e-4ee1-96ad-3e47ddfbea9d___RS_Early.B_6670.JPG,plant_village,test,early_blight,early_blight
812,ae38f458-d36e-43ce-95a5-45b775692d8d___RS_Early.B_8644.JPG,plant_village,test,early_blight,early_blight
815,af0ee942-50f5-43a7-a9fe-486ba1f5f989___RS_Early.B_7700.JPG,plant_village,test,early_blight,early_blight
816,af3bb3a3-e022-45f3-b209-6b3b53f13a47___RS_Early.B_7333.JPG,plant_village,test,early_blight,early_blight
818,b05850b8-bfb9-487d-b0ba-8f406eba933e___RS_Early.B_6936.JPG,plant_village,test,early_blight,early_blight
821,b17bf28e-c272-4a24-9f45-7d3a343de49f___RS_Early.B_7620.JPG,plant_village,test,early_blight,early_blight
822,b1b3c9c7-a4b9-4048-be45-fa9c5e507c66___RS_Early.B_7466.JPG,plant_village,test,early_blight,early_blight
826,b2b7758e-f201-4d9c-bc27-d53bb09b2dac___RS_Early.B_7025.JPG,plant_village,test,early_blight,early_blight
831,b35e4c48-e54e-4e42-a399-b236209314f4___RS_Early.B_8231.JPG,plant_village,test,early_blight,early_blight
833,b3d44557-f696-4fc9-b144-dec4f4ba9452___RS_Early.B_9110.JPG,plant_village,test,early_blight,early_blight
834,b4021eae-d195-400a-b7b7-9888367f5f2f___RS_Early.B_7881.JPG,plant_village,test,early_blight,early_blight
835,b472654c-a32f-4c8f-b424-da6e415febf9___RS_Early.B_8930.JPG,plant_village,test,early_blight,early_blight
843,b6b036b0-6869-48b8-b861-a6a85d1b2b97___RS_Early.B_6850.JPG,plant_village,test,early_blight,early_blight
844,b6b4aa28-edc4-4e9f-bc0d-bd4b0ec085a2___RS_Early.B_7559.JPG,plant_village,test,early_blight,early_blight
845,b6c68639-ad01-41f9-a10c-4233423ea2b0___RS_Early.B_8573.JPG,plant_village,test,early_blight,early_blight
848,b7712e86-f508-4485-8a42-5dd447f3b510___RS_Early.B_7103.JPG,plant_village,test,early_blight,early_blight
852,b83aea19-9485-412f-808d-c0a590d75388___RS_Early.B_6951.JPG,plant_village,test,early_blight,early_blight
853,b8578828-0e34-4511-9739-9ef0170774b2___RS_Early.B_7416.JPG,plant_village,test,early_blight,early_blight
858,b99ba68b-4608-4335-a292-b4249d83762d___RS_Early.B_9096.JPG,plant_village,test,early_blight,early_blight
864,bb3d6df0-683e-4f04-afaf-277a36edad6c___RS_Early.B_9070.JPG,plant_village,test,early_blight,early_blight
872,bcf169b0-dea7-49eb-b976-4a2d1f36c574___RS_Early.B_7870.JPG,plant_village,test,early_blight,early_blight
873,bd4c7de8-0616-45d4-a060-54b8329a9462___RS_Early.B_6902.JPG,plant_village,test,early_blight,early_blight
879,bf972aad-9f3f-40c8-9fc7-fdcf57a94c6f___RS_Early.B_7151.JPG,plant_village,test,early_blight,early_blight
881,c09e4b05-b196-4955-abd4-6aed44c40132___RS_Early.B_6823.JPG,plant_village,test,early_blight,early_blight
883,c10de41b-4c38-41c4-b278-600071051453___RS_Early.B_8093.JPG,plant_village,test,early_blight,early_blight
886,c17c36ed-c36f-42d4-812d-3b17158063d3___RS_Early.B_8398.JPG,plant_village,test,early_blight,early_blight
894,c3d68a2f-0c7a-4060-bfc4-8baf01d3f2fe___RS_Early.B_8010.JPG,plant_village,test,early_blight,early_blight
898,c43a5fd7-c60c-4a04-9835-bd35b551ec44___RS_Early.B_6701.JPG,plant_village,test,early_blight,early_blight
902,c4dd703b-1d4c-4e4c-8064-0e1d743c47ae___RS_Early.B_7050.JPG,plant_village,test,early_blight,early_blight
903,c4ec31de-5466-49c0-b034-84a825327e0b___RS_Early.B_8062.JPG,plant_village,test,early_blight,early_blight
908,c5a12e34-99ea-443e-a67e-3f2651508773___RS_Early.B_7647.JPG,plant_village,test,early_blight,early_blight
910,c5c57ff6-cff1-4be6-a2fd-324efc139881___RS_Early.B_7450.JPG,plant_village,test,early_blight,early_blight
914,c653b79e-4f42-4a9e-8c5c-7a85483a3c29___RS_Early.B_9108.JPG,plant_village,test,early_blight,early_blight
922,c82e587c-a0f2-451e-9057-e3719a3d9562___RS_Early.B_6824.JPG,plant_village,test,early_blight,early_blight
924,c8dedd98-c5d7-4ef4-b4f4-70d0bae0e178___RS_Early.B_7128.JPG,plant_village,test,early_blight,early_blight
926,c9296b35-7b8b-4ac2-99db-07c426ec774b___RS_Early.B_6832.JPG,plant_village,test,early_blight,early_blight
928,c9bff7de-c589-4ed2-92fe-cd9ca2a1df16___RS_Early.B_7846.JPG,plant_village,test,early_blight,early_blight
931,ca2c9c12-f2ba-4864-806c-b85f4fb36f92___RS_Early.B_7640.JPG,plant_village,test,early_blight,early_blight
933,caef0735-6517-4194-b124-5916815e4a71___RS_Early.B_7956.JPG,plant_village,test,early_blight,early_blight
937,cbd4ef4a-1e84-41ac-8744-b5a1c52461be___RS_Early.B_8191.JPG,plant_village,test,early_blight,early_blight
942,cceeec9d-e0d9-4512-a1f0-faa5dc6bbf40___RS_Early.B_8381.JPG,plant_village,test,early_blight,early_blight
946,cea35641-b4f8-49cb-bbeb-c98cfc79870e___RS_Early.B_7189.JPG,plant_village,test,early_blight,early_blight
952,cff1ed1b-51ec-4d44-ab1f-7a3dc1ec9ea9___RS_Early.B_7100.JPG,plant_village,test,early_blight,early_blight
955,d036af36-99a4-4b25-aa40-2477883e73cf___RS_Early.B_8269.JPG,plant_village,test,early_blight,early_blight
958,d06681cc-3ed1-4af2-ae40-2597eaea3dd4___RS_Early.B_8691.JPG,plant_village,test,early_blight,early_blight
967,d286d101-227f-48ba-b906-586879eb6a00___RS_Early.B_7095.JPG,plant_village,test,early_blight,early_blight
969,d3240683-1636-4373-84aa-01ce594c19a0___RS_Early.B_8340.JPG,plant_village,test,early_blight,early_blight
971,d3a1b356-0ffa-4d47-9f52-410bbd0e3e3d___RS_Early.B_8884.JPG,plant_village,test,early_blight,early_blight
973,d44a363d-c186-416e-8fad-1a456699bba2___RS_Early.B_7229.JPG,plant_village,test,early_blight,early_blight
974,d472b6e3-a00c-4b4e-b13a-cdababff9d24___RS_Early.B_7699.JPG,plant_village,test,early_blight,early_blight
976,d4f3066f-adb8-401b-a27f-19a12c336ebe___RS_Early.B_8626.JPG,plant_village,test,early_blight,early_blight
979,d5673be4-4d62-4287-b9a4-3653b88d1604___RS_Early.B_8304.JPG,plant_village,test,early_blight,early_blight
984,d825093a-2bd7-458d-a9a1-036db6c08dec___RS_Early.B_9018.JPG,plant_village,test,early_blight,early_blight
989,d8a8d6e5-d82d-4f7c-aac5-183e85549d9b___RS_Early.B_7799.JPG,plant_village,test,early_blight,early_blight
993,d9303294-b0d9-4066-85d1-4ef58977b78e___RS_Early.B_7337.JPG,plant_village,test,early_blight,early_blight
997,d9b34eaa-9d54-41fe-9ea2-335fe0b572ee___RS_Early.B_7735.JPG,plant_village,test,early_blight,early_blight
1000,da412bf6-6bee-4dfb-8bc7-b6e9f80971ff___RS_Early.B_6808.JPG,plant_village,test,early_blight,early_blight
1002,daa35c03-7307-4e2e-8b15-f33bfff5a12d___RS_Early.B_7712.JPG,plant_village,test,early_blight,early_blight
1006,db79941d-3ca1-42f1-b06e-d150a49d476a___RS_Early.B_8742.JPG,plant_village,test,early_blight,early_blight
1008,dbe05365-9166-45f7-94cf-cefca787215a___RS_Early.B_9144.JPG,plant_village,test,early_blight,early_blight
1011,dc2775b9-e62e-4fe5-921f-e1cf5c4e2fe4___RS_Early.B_6942.JPG,plant_village,test,early_blight,early_blight
1014,dc6516c4-a74c-465f-85a1-55608ee518da___RS_Early.B_8843.JPG,plant_village,test,early_blight,early_blight
1015,dcb9073d-df5b-4a15-aecf-1c3af587cd74___RS_Early.B_8982.JPG,plant_village,test,early_blight,early_blight
1017,dcc9e3a4-04dc-46fd-9bc9-739334aa23d9___RS_Early.B_6799.JPG,plant_village,test,early_blight,early_blight
1020,dd875158-7897-4f5d-ada1-46e7e382ea96___RS_Early.B_7912.JPG,plant_village,test,early_blight,early_blight
1023,de1ff62e-87aa-420a-9eeb-cb0e3475e84d___RS_Early.B_6918.JPG,plant_village,test,early_blight,early_blight
1025,de8d212e-1bbf-41d7-b13b-29f0746223aa___RS_Early.B_8022.JPG,plant_village,test,early_blight,early_blight
1027,deb1d849-ecf2-4451-8ff7-ca6b0bbbf434___RS_Early.B_7677.JPG,plant_village,test,early_blight,early_blight
1031,e00d7014-a909-4d98-892b-da96a2be9a2e___RS_Early.B_7535.JPG,plant_village,test,early_blight,early_blight
1036,e09798e4-23b1-4485-873b-605bc350f327___RS_Early.B_7320.JPG,plant_village,test,early_blight,early_blight
1037,e09c5edb-1e38-44bb-bb55-260fa32d6a58___RS_Early.B_7340.JPG,plant_village,test,early_blight,early_blight
1042,e24cb505-5756-4269-aa4f-57d27da31b20___RS_Early.B_8973.JPG,plant_village,test,early_blight,early_blight
1045,e3779bc5-a8e2-4be6-8e15-4a4713ab9531___RS_Early.B_8431.JPG,plant_village,test,early_blight,early_blight
1046,e40b6718-52b6-46a7-970c-5f1b6bae23af___RS_Early.B_8287.JPG,plant_village,test,early_blight,early_blight
1048,e4b0f6ac-2b1e-4e10-8733-de421a01c390___RS_Early.B_8254.JPG,plant_village,test,early_blight,early_blight
1051,e50e7166-a67d-4207-a49c-0240b0218d48___RS_Early.B_8907.JPG,plant_village,test,early_blight,early_blight
1058,e6d7262c-803d-4346-a36d-4f384196e21c___RS_Early.B_6893.JPG,plant_village,test,early_blight,early_blight
1059,e786a4fe-5aa1-4da2-a16f-4ee82c56e317___RS_Early.B_7245.JPG,plant_village,test,early_blight,early_blight
1060,e7b48816-19f7-4dc2-bf52-dfbb85e1f59a___RS_Early.B_7240.JPG,plant_village,test,early_blight,early_blight
1062,e8db5472-3858-478a-b1ae-9198329a49a5___RS_Early.B_7528.JPG,plant_village,test,early_blight,early_blight
1063,e912f95d-d159-47bc-b1ed-f0f08c3c391d___RS_Early.B_8366.JPG,plant_village,test,early_blight,early_blight
1064,e9643c88-239f-4587-8093-3b96eb3723f4___RS_Early.B_7353.JPG,plant_village,test,early_blight,early_blight
1069,ec4e730c-02c1-4b4e-b9fc-9387e2f30a8a___RS_Early.B_7701.JPG,plant_village,test,early_blight,early_blight
1070,ec6b34ed-69c6-466a-81a9-4ca18eb25275___RS_Early.B_7038.JPG,plant_village,test,early_blight,early_blight
1073,ecf9d01d-b97f-4cf8-99e5-7036bd91b5d1___RS_Early.B_8650.JPG,plant_village,test,early_blight,early_blight
1080,ee8df9d4-1893-49a4-b2e9-aee2b1e85ca0___RS_Early.B_6926.JPG,plant_village,test,early_blight,early_blight
1086,efb6e5e5-d83c-4634-a9f6-3f2332713497___RS_Early.B_6788.JPG,plant_village,test,early_blight,early_blight
1091,f0cdbf74-8401-48d1-b1cc-94862e1a4452___RS_Early.B_7447.JPG,plant_village,test,early_blight,early_blight
1093,f12d7916-b4f0-46f7-91bd-8dc097743149___RS_Early.B_8963.JPG,plant_village,test,early_blight,early_blight
1098,f20b88af-30e2-4270-a035-2cf217469cf8___RS_Early.B_8266.JPG,plant_village,test,early_blight,early_blight
1099,f217f3ba-56fa-4f97-bf9a-07697e08e845___RS_Early.B_9161.JPG,plant_village,test,early_blight,early_blight
1104,f3360814-9e4c-46b0-85ed-73fc77ef7810___RS_Early.B_7550.JPG,plant_village,test,early_blight,early_blight
1109,f48fc3b4-b7e7-4ad5-a651-0bf61a5173ff___RS_Early.B_8597.JPG,plant_village,test,early_blight,early_blight
1114,f686133a-e89a-4242-a52d-02f32ffd5275___RS_Early.B_8295.JPG,plant_village,test,early_blight,early_blight
1128,f9580dc3-d5d9-4990-a64d-3974a9d1c687___RS_Early.B_8755.JPG,plant_village,test,early_blight,early_blight
1131,fa8656fd-03b1-467c-a877-99ce5632d580___RS_Early.B_7630.JPG,plant_village,test,early_blight,early_blight
1134,fba7a41d-25df-4a1c-93d1-98d62e3376e0___RS_Early.B_8207.JPG,plant_village,test,early_blight,early_blight
1135,fbbe7b93-e6da-4dc8-b1ee-ba5646a5e039___RS_Early.B_8216.JPG,plant_village,test,early_blight,early_blight
1138,fc1ab935-21b3-42e7-a870-02fd71c5d845___RS_Early.B_6894.JPG,plant_village,test,early_blight,early_blight
1139,fc603fb2-e2a0-4990-8a75-0e4f80f40694___RS_Early.B_7584.JPG,plant_village,test,early_blight,early_blight
1142,fcbf4e6c-ba09-40f5-97c2-063bb20844bc___RS_Early.B_6938.JPG,plant_village,test,early_blight,early_blight
1143,fd59ab68-681f-4aca-ae95-6f73bf8caad7___RS_Early.B_7118.JPG,plant_village,test,early_blight,early_blight
1145,fdc1f5ed-66b5-4564-8957-055905b8a569___RS_Early.B_8244.JPG,plant_village,test,early_blight,early_blight
1149,fe2a7818-f2ec-4255-93f0-586c88a41624___RS_Early.B_7043.JPG,plant_village,test,early_blight,early_blight
1162,02212653-e92b-49aa-96b7-9497af51e502___RS_LB_3151.JPG,plant_village,test,late_blight,late_blight
1166,030e8945-d3ce-4ad3-8a91-a14c18285249___RS_LB_2532.JPG,plant_village,test,late_blight,late_blight
1172,0441138d-5f9f-4ede-ab9a-49edabc605b3___RS_LB_4235.JPG,plant_village,test,late_blight,late_blight
1173,0450570b-44d1-4290-956d-5d970164a2e2___RS_LB_5160.JPG,plant_village,test,late_blight,late_blight
1174,04b964fd-7033-4cdf-88ef-b1acbcd8183a___RS_LB_2783.JPG,plant_village,test,late_blight,late_blight
1178,050b6d37-4056-4c6c-8359-d7823a488531___RS_LB_3944.JPG,plant_village,test,late_blight,late_blight
1179,051089cf-e083-4fdb-9256-aac12b8a55d2___RS_LB_4078.JPG,plant_village,test,late_blight,late_blight
1198,0acdc2b2-0dde-4073-8542-6fca275ab974___RS_LB_4857.JPG,plant_village,test,late_blight,late_blight
1199,0b092cda-db8c-489d-8c46-23ac3835310d___RS_LB_4480.JPG,plant_village,test,late_blight,late_blight
1207,0eb28ea9-c9e4-4999-9de2-835682241e53___RS_LB_2708.JPG,plant_village,test,late_blight,late_blight
1209,0f243024-b1fa-4f96-ac7e-ecaf6dc5bc37___RS_LB_4925.JPG,plant_village,test,late_blight,late_blight
1210,0f50da52-cb4a-4391-982a-d6cf9c9d9917___RS_LB_2581.JPG,plant_village,test,late_blight,late_blight
1214,108aa677-2b51-4d8b-8533-40fba50a275d___RS_LB_3046.JPG,plant_village,test,late_blight,late_blight
1215,10f41035-20e2-4037-96b6-474ce343d6c2___RS_LB_2725.JPG,plant_village,test,late_blight,late_blight
1216,127521ec-3cc5-4f98-ac73-ad561ec29e73___RS_LB_3219.JPG,plant_village,test,late_blight,late_blight
1219,12e2c9b5-fbfc-4bc9-898b-86ead976a615___RS_LB_2702.JPG,plant_village,test,late_blight,late_blight
1228,1531198a-c611-47ee-af7d-7b124b863870___RS_LB_4793.JPG,plant_village,test,late_blight,late_blight
1229,1562e8f9-f2d1-43b3-8deb-6b1687bd20dc___RS_LB_2726.JPG,plant_village,test,late_blight,late_blight
1235,1789b0d1-d850-4e04-8a20-bc3901d4ab0a___RS_LB_5251.JPG,plant_village,test,late_blight,late_blight
1236,17a07992-ebb9-4368-8cb7-4af40d8ded08___RS_LB_3064.JPG,plant_village,test,late_blight,late_blight
1239,17f8da33-18e6-454b-b9dc-a34c8dd52591___RS_LB_2945.JPG,plant_village,test,late_blight,late_blight
1245,1a5f4258-21df-4334-a933-2ef073c932ba___RS_LB_3089.JPG,plant_village,test,late_blight,late_blight
1248,1a6fc494-81dd-4649-ad8d-a5a6e58a2aa7___RS_LB_2618.JPG,plant_village,test,late_blight,late_blight
1255,1c6ec55e-182e-4b7c-b416-07029edfc970___RS_LB_3950.JPG,plant_village,test,late_blight,late_blight
1257,1cd0b065-e637-4307-9e0a-9c20dc44cc59___RS_LB_4784.JPG,plant_village,test,late_blight,late_blight
1261,1d4acd15-f2b9-4a2e-87da-9d5a2cc6a642___RS_LB_2752.JPG,plant_village,test,late_blight,late_blight
1262,1dc41475-aa79-43f1-8648-0c8733d246ca___RS_LB_3319.JPG,plant_village,test,late_blight,late_blight
1266,1e69b122-3920-4c4a-bfff-a18f3d6c3f89___RS_LB_4766.JPG,plant_village,test,late_blight,late_blight
1268,1f440bb7-e35d-4bc9-a807-81dac78c54b8___RS_LB_2727.JPG,plant_village,test,late_blight,late_blight
1269,1f560f09-0b70-40c9-b907-4cac9ba47b8d___RS_LB_3184.JPG,plant_village,test,late_blight,late_blight
1277,224d9d63-c097-4142-b1a6-56f88a7bae2e___RS_LB_2630.JPG,plant_village,test,late_blight,late_blight
1281,22bd2a18-a4ba-4c9a-a4d3-2dabc295ccbc___RS_LB_4759.JPG,plant_village,test,late_blight,late_blight
1282,22d5cf8c-308f-417d-9b05-b00a0791ecef___RS_LB_4797.JPG,plant_village,test,late_blight,late_blight
1283,2377f6d5-3660-4b5a-b5b3-eea448e7a143___RS_LB_2729.JPG,plant_village,test,late_blight,late_blight
1290,2565077d-44d3-4213-82c2-bf5ae9a64368___RS_LB_3295.JPG,plant_village,test,late_blight,late_blight
1291,2572d994-464a-461e-a0c8-597dc2229c09___RS_LB_2763.JPG,plant_village,test,late_blight,late_blight
1292,2577b25b-c0ac-442b-8093-42e6490bad1e___RS_LB_4319.JPG,plant_village,test,late_blight,late_blight
1294,259a9b63-d100-43bd-b611-1c707b9e8842___RS_LB_4562.JPG,plant_village,test,late_blight,late_blight
1295,25bf1e56-4039-4d92-9a66-65b62e3b0f4d___RS_LB_4949.JPG,plant_village,test,late_blight,late_blight
1296,2657bf2b-c03e-4ec6-bf6a-4afe8645acec___RS_LB_3110.JPG,plant_village,test,late_blight,late_blight
1298,267d6db0-95db-4945-a6b0-bf05b11ef8ff___RS_LB_3231.JPG,plant_village,test,late_blight,late_blight
1301,2846161c-9ac0-4ef3-b563-aee344dac80d___RS_LB_4851.JPG,plant_village,test,late_blight,late_blight
1302,289cbc85-4659-4db9-95b3-06b14fa36216___RS_LB_3857.JPG,plant_village,test,late_blight,late_blight
1303,28cbad12-8d41-4d36-a6df-db0d35ee1ce0___RS_LB_2922.JPG,plant_village,test,late_blight,late_blight
1304,2958c571-a4f9-40b3-a091-0f37c4822932___RS_LB_3325.JPG,plant_village,test,late_blight,late_blight
1306,29a30aec-e060-43f2-bd81-27d8ad1cebf2___RS_LB_4911.JPG,plant_village,test,late_blight,late_blight
1307,29ad1bd3-9eca-4975-97b9-80d497a62811___RS_LB_2847.JPG,plant_village,test,late_blight,late_blight
1308,29bfc55a-8cb2-4938-b0b5-5e2748fd1a22___RS_LB_5070.JPG,plant_village,test,late_blight,late_blight
1309,29d49eb8-84d0-402d-9f00-c1149b8b3e16___RS_LB_3031.JPG,plant_village,test,late_blight,late_blight
1310,29d84246-f2a5-4c18-8ddc-2f2d38046ae2___RS_LB_2625.JPG,plant_village,test,late_blight,late_blight
1318,2b7f92a9-9bd8-4461-9588-ab98abf54be0___RS_LB_2575.JPG,plant_village,test,late_blight,late_blight
1328,2ea232e4-2e94-426f-b86f-8bc5861f334f___RS_LB_4757.JPG,plant_village,test,late_blight,late_blight
1330,2ef5c4f6-a798-40fd-8380-f444f3290987___RS_LB_4428.JPG,plant_village,test,late_blight,late_blight
1332,2f6382f7-12fc-4309-b7db-b034b8165c67___RS_LB_4955.JPG,plant_village,test,late_blight,late_blight
1337,30777af4-cbb4-44bf-946b-f1c5d17704ee___RS_LB_4822.JPG,plant_village,test,late_blight,late_blight
1338,30920583-57a6-4cc2-81d6-84879ec3af46___RS_LB_4930.JPG,plant_village,test,late_blight,late_blight
1342,319335dc-6a48-4fe4-932b-326f1455f3cd___RS_LB_4703.JPG,plant_village,test,late_blight,late_blight
1343,31b2a640-4063-41f1-97c5-03ceca0ce131___RS_LB_5439.JPG,plant_village,test,late_blight,late_blight
1345,31d61797-f3dd-4452-8db9-cdfd8be9ebf2___RS_LB_4823.JPG,plant_village,test,late_blight,late_blight
1348,326919e6-16b9-442b-ada3-e4c37b3ab8ef___RS_LB_3187.JPG,plant_village,test,late_blight,late_blight
1352,33938ff2-ee2c-4571-96dd-6229a0cb4e0c___RS_LB_5184.JPG,plant_village,test,late_blight,late_blight
1354,33baf253-755d-4e3f-8d52-5caf59d0835d___RS_LB_2867.JPG,plant_village,test,late_blight,late_blight
1356,3456a2d1-59d1-4111-9cc8-16a6b12e973e___RS_LB_5249.JPG,plant_village,test,late_blight,late_blight
1358,351386f8-c501-45f6-ab0d-e9c1d1584204___RS_LB_5195.JPG,plant_village,test,late_blight,late_blight
1360,35621849-08fd-442a-a94e-139b2657106e___RS_LB_4055.JPG,plant_village,test,late_blight,late_blight
1364,36c25644-54cb-405d-abef-700d24652958___RS_LB_2606.JPG,plant_village,test,late_blight,late_blight
1371,37ac120b-240a-42fc-839c-90c6dea13d85___RS_LB_5214.JPG,plant_village,test,late_blight,late_blight
1373,37c47f95-2216-4f78-87a1-504b198a4f4c___RS_LB_4327.JPG,plant_village,test,late_blight,late_blight
1376,38c1c136-d91d-4527-aa8f-623a574a41d9___RS_LB_3042.JPG,plant_village,test,late_blight,late_blight
1380,38fa4c3b-0541-4d14-80e7-84a1153b9e5f___RS_LB_4713.JPG,plant_village,test,late_blight,late_blight
1387,3d4b41e8-18f8-400a-a961-82731c6ac4d5___RS_LB_5157.JPG,plant_village,test,late_blight,late_blight
1388,3d4ddc33-b13b-4f7e-8689-1cf82532ef8e___RS_LB_3162.JPG,plant_village,test,late_blight,late_blight
1396,3f3bd8d4-82d4-456c-a3fc-068a63710d52___RS_LB_4971.JPG,plant_village,test,late_blight,late_blight
1397,3f624c56-6bd1-4e7e-8fcd-d6b4480abe12___RS_LB_5215.JPG,plant_village,test,late_blight,late_blight
1398,3f6bce87-fb66-44fb-8e76-e282af4869b9___RS_LB_3013.JPG,plant_village,test,late_blight,late_blight
1402,4043044d-1e8d-4861-9152-99660fdffa9e___RS_LB_4438.JPG,plant_village,test,late_blight,late_blight
1403,410cba02-24db-487a-a30c-fc7cefba924b___RS_LB_2571.JPG,plant_village,test,late_blight,late_blight
1406,420b4d84-d621-4a64-a8bd-30042f1a6609___RS_LB_2778.JPG,plant_village,test,late_blight,late_blight
1407,4215b9d5-c554-4249-80e1-aeaf2106e966___RS_LB_2977.JPG,plant_village,test,late_blight,late_blight
1416,4358aa91-bce4-4788-a39f-1e1e4810bd51___RS_LB_3047.JPG,plant_village,test,late_blight,late_blight
1419,440adc9e-3f21-4373-ab9a-ed003c3588f3___RS_LB_4152.JPG,plant_village,test,late_blight,late_blight
1426,465165a0-33c0-4593-8324-03513e71079d___RS_LB_4445.JPG,plant_village,test,late_blight,late_blight
1438,4a34ce1c-9fde-4707-947a-58432a695741___RS_LB_3277.JPG,plant_village,test,late_blight,late_blight
1442,4afd8bf6-0e1e-4a85-a576-1e8995c88d5c___RS_LB_2505.JPG,plant_village,test,late_blight,late_blight
1450,4d213f48-e73a-45bf-badd-ead51dda60b4___RS_LB_2981.JPG,plant_village,test,late_blight,late_blight
1451,4d56ef9d-bc69-489c-92de-d2fad01d762d___RS_LB_3890.JPG,plant_village,test,late_blight,late_blight
1456,4f41de6a-c118-4296-a753-963d1427323c___RS_LB_4561.JPG,plant_village,test,late_blight,late_blight
1460,51a85617-5433-4a07-b822-fa1975cf76b1___RS_LB_4778.JPG,plant_village,test,late_blight,late_blight
1466,52c6891d-e627-4ebf-a080-3e8051531f5a___RS_LB_4092.JPG,plant_village,test,late_blight,late_blight
1468,5318452f-222d-4abc-b39c-55fa6c26a82a___RS_LB_3063.JPG,plant_village,test,late_blight,late_blight
1481,55987838-6174-4182-be76-78ddd50890fb___RS_LB_4714.JPG,plant_village,test,late_blight,late_blight
1482,55c87fde-32cc-474c-a25a-1846d39aa6f4___RS_LB_2683.JPG,plant_village,test,late_blight,late_blight
1486,563f8e2a-0a5f-4920-aee5-ad98269c8144___RS_LB_4798.JPG,plant_village,test,late_blight,late_blight
1488,56aa566a-41be-4109-91bc-0cc99c385b7f___RS_LB_3843.JPG,plant_village,test,late_blight,late_blight
1491,5759c134-1965-4dd2-b71a-4eef4048f962___RS_LB_3975.JPG,plant_village,test,late_blight,late_blight
1495,58334b81-9aab-4b5c-b655-f7078a81135b___RS_LB_3846.JPG,plant_village,test,late_blight,late_blight
1496,58475c1a-a4c2-43bd-b361-60523b5c62d2___RS_LB_3912.JPG,plant_village,test,late_blight,late_blight
1501,5a42a288-8be0-4985-9ca5-105f75c8ee01___RS_LB_3275.JPG,plant_village,test,late_blight,late_blight
1502,5a7127de-28ef-47fb-ba00-4b68bf0d4157___RS_LB_2822.JPG,plant_village,test,late_blight,late_blight
1504,5b12fde1-fe3a-49fe-8430-479775018322___RS_LB_3071.JPG,plant_village,test,late_blight,late_blight
1508,5bbebfcc-4e51-47ba-948c-46be12f1c170___RS_LB_2716.JPG,plant_village,test,late_blight,late_blight
1514,5e0acf9e-2d13-40bb-912c-e32a844fdd78___RS_LB_5292.JPG,plant_village,test,late_blight,late_blight
1521,5f6e341d-3a02-4bc5-ae02-c0a343a835ea___RS_LB_4882.JPG,plant_village,test,late_blight,late_blight
1522,5fa21fbf-774d-48ec-916d-c1d7b8c11c82___RS_LB_4795.JPG,plant_village,test,late_blight,late_blight
1524,600100de-8374-4ddd-a816-318235e27948___RS_LB_2895.JPG,plant_village,test,late_blight,late_blight
1526,60463ced-752c-4af3-9082-1de380c572e4___RS_LB_2580.JPG,plant_village,test,late_blight,late_blight
1531,62d41420-8e32-47d2-9a37-698c07f7dc16___RS_LB_2543.JPG,plant_village,test,late_blight,late_blight
1534,63ec8c33-368c-433d-8953-f28f30e5985f___RS_LB_2943.JPG,plant_village,test,late_blight,late_blight
1536,64df88c4-e308-48f3-b475-e2e6206bbd8a___RS_LB_3886.JPG,plant_village,test,late_blight,late_blight
1538,6522615a-cbe1-4770-a137-25a2c081e1d9___RS_LB_2917.JPG,plant_village,test,late_blight,late_blight
1539,65bab626-51a1-4d16-ab9c-ddd25f4e2e33___RS_LB_4927.JPG,plant_village,test,late_blight,late_blight
1542,66473aff-3438-4a8c-8c05-5fed8a4255ae___RS_LB_4473.JPG,plant_village,test,late_blight,late_blight
1556,6cab0a2b-a2d9-4798-8043-f6ef416ed745___RS_LB_4993.JPG,plant_village,test,late_blight,late_blight
1557,6ce76067-e78f-42e3-a1d6-c04f92414038___RS_LB_5267.JPG,plant_village,test,late_blight,late_blight
1560,6d51bd53-2556-410c-b151-547c83a06287___RS_LB_3276.JPG,plant_village,test,late_blight,late_blight
1562,6e9fc91a-e20f-4431-bc54-8492d7ec788e___RS_LB_4527.JPG,plant_village,test,late_blight,late_blight
1563,6ecc23ac-9aed-47bb-8ee5-76574de85872___RS_LB_5010.JPG,plant_village,test,late_blight,late_blight
1566,6f5a4763-2865-4bdf-8c7f-49ab7a53126a___RS_LB_5237.JPG,plant_village,test,late_blight,late_blight
1570,6fc1834e-7909-4177-9480-6cd9f23109b4___RS_LB_4023.JPG,plant_village,test,late_blight,late_blight
1572,7050bb1d-af0d-47c4-8f35-23b9561b8024___RS_LB_3313.JPG,plant_village,test,late_blight,late_blight
1574,70b8c0ad-be72-4f3f-84ba-7439f83b089b___RS_LB_4446.JPG,plant_village,test,late_blight,late_blight
1576,716325d9-fca6-46b4-8f5a-f6729c211200___RS_LB_3958.JPG,plant_village,test,late_blight,late_blight
1577,718aefec-0eba-48fe-9798-f45d3d24fade___RS_LB_4119.JPG,plant_village,test,late_blight,late_blight
1581,72485a02-60b9-424a-ba1f-de8078b07176___RS_LB_3148.JPG,plant_village,test,late_blight,late_blight
1586,73366261-64f3-4219-a43a-97cda85474a9___RS_LB_3332.JPG,plant_village,test,late_blight,late_blight
1590,74277267-6a9f-44d0-95fe-7f52f89630a0___RS_LB_5074.JPG,plant_village,test,late_blight,late_blight
1592,749a1b32-7152-4dce-87b4-92af094f6b9b___RS_LB_3310.JPG,plant_village,test,late_blight,late_blight
1599,75a1ae7b-9b93-4a9f-9eca-70b4b9e9f5ff___RS_LB_4739.JPG,plant_village,test,late_blight,late_blight
1607,76ee26db-ef55-43b9-9179-6b9ba15dc21a___RS_LB_4058.JPG,plant_village,test,late_blight,late_blight
1610,777a492f-3dfb-4bcf-8b33-a9b09fb21e6e___RS_LB_4866.JPG,plant_village,test,late_blight,late_blight
1611,77c271bd-0798-4336-8bea-f2a80e8e8906___RS_LB_3290.JPG,plant_village,test,late_blight,late_blight
1613,77f5fdf0-42c5-4af9-92d8-366e6a3a2017___RS_LB_4071.JPG,plant_village,test,late_blight,late_blight
1615,78f43f26-36e5-43c2-9b87-a08d8a0b8a11___RS_LB_2843.JPG,plant_village,test,late_blight,late_blight
1618,792d4339-f459-4ef6-aef9-431c64c95cc1___RS_LB_3251.JPG,plant_village,test,late_blight,late_blight
1619,793aaf75-3085-4bbb-bace-33a9593c3c94___RS_LB_4847.JPG,plant_village,test,late_blight,late_blight
1620,794ef65d-1a4c-445a-b77c-f00d36ec82c6___RS_LB_2869.JPG,plant_village,test,late_blight,late_blight
1624,7b32b8b9-6b65-44e6-a3e5-edd7a5d62ec4___RS_LB_4142.JPG,plant_village,test,late_blight,late_blight
1625,7b38a18a-65a4-4162-b48a-658b846be5a2___RS_LB_2733.JPG,plant_village,test,late_blight,late_blight
1627,7bf67e1e-57c8-4f68-bc5a-56b2a69f30ec___RS_LB_2509.JPG,plant_village,test,late_blight,late_blight
1629,7ce28b45-467c-4962-a030-f621b4bc76a8___RS_LB_2644.JPG,plant_village,test,late_blight,late_blight
1630,7d885e39-d832-473f-bf81-c22855e481c3___RS_LB_3946.JPG,plant_village,test,late_blight,late_blight
1635,7e486917-7f31-4a26-b0ca-6175ebc2beee___RS_LB_4113.JPG,plant_village,test,late_blight,late_blight
1644,80e39105-97cd-4368-9e3a-b5498ae1c0a2___RS_LB_4474.JPG,plant_village,test,late_blight,late_blight
1646,815516f8-6fb1-4f92-bdff-63349e5ee83f___RS_LB_3237.JPG,plant_village,test,late_blight,late_blight
1651,82eb4f72-487c-4f4e-ace6-cc44a24978ec___RS_LB_2600.JPG,plant_village,test,late_blight,late_blight
1659,856b9ab9-c5af-43f1-a320-097b7380d314___RS_LB_2789.JPG,plant_village,test,late_blight,late_blight
1660,85bbcdd2-a9fe-46d1-8e0e-f4e2c5e885fe___RS_LB_3218.JPG,plant_village,test,late_blight,late_blight
1663,86323439-ca8d-4819-ae81-800e50f85770___RS_LB_2826.JPG,plant_village,test,late_blight,late_blight
1668,87c99be5-a930-410f-8529-e79e030cba0c___RS_LB_5294.JPG,plant_village,test,late_blight,late_blight
1671,889d5479-9d54-49b1-9aba-3af34e377592___RS_LB_2635.JPG,plant_village,test,late_blight,late_blight
1680,8b0ef54c-6d28-47bb-a657-287afbb8a620___RS_LB_3298.JPG,plant_village,test,late_blight,late_blight
1684,8c894440-a022-41a8-9545-51ff4286d29f___RS_LB_5126.JPG,plant_village,test,late_blight,late_blight
1685,8cd26c99-237b-4910-98ae-3e930c760f56___RS_LB_4061.JPG,plant_village,test,late_blight,late_blight
1688,8e864e28-d161-4888-bf90-fd9467bfe9c2___RS_LB_4574.JPG,plant_village,test,late_blight,late_blight
1691,8ee9f477-92a7-43a0-9377-0535b218a21d___RS_LB_5266.JPG,plant_village,test,late_blight,late_blight
1692,8f12dae8-d44b-4d16-8815-4da5f9a9ff55___RS_LB_4283.JPG,plant_village,test,late_blight,late_blight
1694,8f80caee-38ed-4b49-9596-6f66c3cb9c1b___RS_LB_2535.JPG,plant_village,test,late_blight,late_blight
1695,8f8e338a-b6ac-4ca7-b3f3-596dc15eb140___RS_LB_3970.JPG,plant_village,test,late_blight,late_blight
1697,9001b18c-b659-4c56-9dfb-0d0bf64a7b4a___RS_LB_4987.JPG,plant_village,test,late_blight,late_blight
1703,90c2a92c-9e38-49a3-aefe-e1805fe64537___RS_LB_3016.JPG,plant_village,test,late_blight,late_blight
1704,910139a3-cd42-4adc-a24b-3602fd4de7d3___RS_LB_4415.JPG,plant_village,test,late_blight,late_blight
1706,919150bd-372b-44e0-a70e-a13e60dccbce___RS_LB_3263.JPG,plant_village,test,late_blight,late_blight
1709,93905331-a3b3-43dd-8596-d8f7e6b3e88f___RS_LB_3306.JPG,plant_village,test,late_blight,late_blight
1711,939a9a98-cbc9-4b83-bb47-395f26d7fddd___RS_LB_4293.JPG,plant_village,test,late_blight,late_blight
1716,954d36cb-4a20-4889-83dd-4cba7e7180f8___RS_LB_4536.JPG,plant_village,test,late_blight,late_blight
1722,96879d98-11ca-40c7-9708-9ca8f235f407___RS_LB_2739.JPG,plant_village,test,late_blight,late_blight
1728,97a903b7-9b9b-4014-9052-a284f21bfd53___RS_LB_2511.JPG,plant_village,test,late_blight,late_blight
1736,9996efa6-219d-4f07-aa12-dc8ca40609b9___RS_LB_2840.JPG,plant_village,test,late_blight,late_blight
1737,9a179173-fbfb-4e92-9959-58b826625c9b___RS_LB_4761.JPG,plant_village,test,late_blight,late_blight
1741,9c0e8576-642f-47a6-a053-c52e9025b7f6___RS_LB_4134.JPG,plant_village,test,late_blight,late_blight
1742,9c230647-02da-4948-9c52-dfc87bb1d34a___RS_LB_4593.JPG,plant_village,test,late_blight,late_blight
1746,9ccb00a6-1542-4b0e-bd90-e7f1ff10e7f7___RS_LB_3058.JPG,plant_village,test,late_blight,late_blight
1747,9cd7c33b-e29a-4300-ba19-183fb6c82aca___RS_LB_4124.JPG,plant_village,test,late_blight,late_blight
1750,9e1dc573-9cc5-4bc1-9c95-63c7bfba54f1___RS_LB_2976.JPG,plant_village,test,late_blight,late_blight
1756,9fa413c2-d724-4bc6-8aed-954a472cf228___RS_LB_4754.JPG,plant_village,test,late_blight,late_blight
1760,a10d340a-b35c-4310-be59-caa58bb0d500___RS_LB_5154.JPG,plant_village,test,late_blight,late_blight
1763,a221647c-0dda-468b-93f9-81f50b14ff81___RS_LB_3942.JPG,plant_village,test,late_blight,late_blight
1771,a3bf27ee-b4ec-4f72-a25b-9d47b4cd100d___RS_LB_2889.JPG,plant_village,test,late_blight,late_blight
1772,a3e80876-49cd-4856-9253-8df14fc36dcd___RS_LB_3851.JPG,plant_village,test,late_blight,late_blight
1775,a5028ead-ac95-4a90-89cb-aaac512d502a___RS_LB_3957.JPG,plant_village,test,late_blight,late_blight
1781,a6f75dd1-c290-4116-be6a-e3c94e40aa2a___RS_LB_3265.JPG,plant_village,test,late_blight,late_blight
1786,a838f0ba-745a-4c0b-9895-f3349a6cee4a___RS_LB_4959.JPG,plant_village,test,late_blight,late_blight
1787,a84f32fc-ec8a-42e9-9f43-9efcf6493199___RS_LB_4884.JPG,plant_village,test,late_blight,late_blight
1789,a896e0bb-67a4-4762-b74a-1c58b14622b0___RS_LB_5013.JPG,plant_village,test,late_blight,late_blight
1792,a904edc1-4c4d-4171-a46e-ae914010884b___RS_LB_4373.JPG,plant_village,test,late_blight,late_blight
1793,a9c8a264-33be-48f1-bd1d-2cc6c9c8e247___RS_LB_4888.JPG,plant_village,test,late_blight,late_blight
1798,ab72ec63-290e-4e95-ab0a-b551ed44ab3b___RS_LB_3286.JPG,plant_village,test,late_blight,late_blight
1799,ab9b15fb-d4cc-4d67-a5bb-8b88f066c1db___RS_LB_4825.JPG,plant_village,test,late_blight,late_blight
1801,ac42817b-71f9-4336-ad8b-bdfb4b27a64a___RS_LB_4782.JPG,plant_village,test,late_blight,late_blight
1815,af13137c-1561-4c1c-b85b-5ec8930f2b38___RS_LB_5425.JPG,plant_village,test,late_blight,late_blight
1818,afcad9ca-9bd2-4c7b-b034-2b3d0360ac30___RS_LB_2741.JPG,plant_village,test,late_blight,late_blight
1819,b0137e92-ce1b-4523-95f0-7a827c206ee0___RS_LB_2913.JPG,plant_village,test,late_blight,late_blight
1820,b03529cf-21fd-4c94-a948-461a8d17e01c___RS_LB_4828.JPG,plant_village,test,late_blight,late_blight
1821,b0945b27-3331-4f03-b1c9-1465e12577aa___RS_LB_4355.JPG,plant_village,test,late_blight,late_blight
1823,b0e6c386-35dc-4982-acc6-f393c7f58c67___RS_LB_5036.JPG,plant_village,test,late_blight,late_blight
1834,b340ff00-3d44-4394-90c5-797dc39f8389___RS_LB_4953.JPG,plant_village,test,late_blight,late_blight
1837,b402845e-5414-423e-9f6d-29e3bdbb505b___RS_LB_2825.JPG,plant_village,test,late_blight,late_blight
1840,b4adb8c4-2cea-4027-b0fd-528406b14c86___RS_LB_4066.JPG,plant_village,test,late_blight,late_blight
1842,b5190917-8638-44bf-b16a-8004d2b6a58f___RS_LB_5241.JPG,plant_village,test,late_blight,late_blight
1846,b598f9a7-b582-4fef-9c3d-cc985f2f9c03___RS_LB_3294.JPG,plant_village,test,late_blight,late_blight
1848,b5f127d1-1b1a-4baa-9158-58cf4b679990___RS_LB_4488.JPG,plant_village,test,late_blight,late_blight
1849,b64e4518-147a-4a75-9f9b-33db8902aa12___RS_LB_3202.JPG,plant_village,test,late_blight,late_blight
1850,b65fddcf-cc40-4632-a0c4-70fff2f68009___RS_LB_4481.JPG,plant_village,test,late_blight,late_blight
1851,b69f17e7-b4e1-4911-91e4-01976bacba2d___RS_LB_5053.JPG,plant_village,test,late_blight,late_blight
1853,b6b937ed-f629-4136-8d5a-38b734f7f662___RS_LB_4595.JPG,plant_village,test,late_blight,late_blight
1854,b74d0fd1-9af7-4053-8538-ee937236a64d___RS_LB_4918.JPG,plant_village,test,late_blight,late_blight
1856,b86274d3-554a-495d-8304-76484e3c4d15___RS_LB_4442.JPG,plant_village,test,late_blight,late_blight
1858,b89a9e11-b184-4b4d-bc56-5f27a2626982___RS_LB_2512.JPG,plant_village,test,late_blight,late_blight
1860,b9302a2f-a369-4b05-aed6-632287f42ed7___RS_LB_4452.JPG,plant_village,test,late_blight,late_blight
1863,b9ad8d86-aadb-44b4-9bba-d6adb446afd7___RS_LB_5188.JPG,plant_village,test,late_blight,late_blight
1866,ba15e1af-3f3a-4eef-8be1-4f0a221444fd___RS_LB_2866.JPG,plant_village,test,late_blight,late_blight
1868,bb1949c9-c779-4490-b1cc-d82302bc1df9___RS_LB_2901.JPG,plant_village,test,late_blight,late_blight
1870,bb3049f8-7377-4610-b13f-8daf6753bda7___RS_LB_4031.JPG,plant_village,test,late_blight,late_blight
1874,bc53f0fd-df00-42c6-ad50-aef25d2c6f7a___RS_LB_2954.JPG,plant_village,test,late_blight,late_blight
1875,bc5b403e-ecc2-4fde-bafa-9b8698e4545c___RS_LB_4448.JPG,plant_village,test,late_blight,late_blight
1876,bc91cb1b-aece-4108-92db-839a106351a5___RS_LB_3087.JPG,plant_village,test,late_blight,late_blight
1879,bd70c718-5846-42a1-8b05-22792ec98738___RS_LB_4992.JPG,plant_village,test,late_blight,late_blight
1880,bd94e2a1-d503-417b-8552-f252a5665476___RS_LB_4006.JPG,plant_village,test,late_blight,late_blight
1882,be6b5fab-c3de-4d33-b7fc-87bf794d8705___RS_LB_4850.JPG,plant_village,test,late_blight,late_blight
1884,bf07f2b7-6ab3-4192-a418-ecabc32a11fe___RS_LB_2576.JPG,plant_village,test,late_blight,late_blight
1889,c0a69909-e94c-4155-a008-20b5445c56d7___RS_LB_3909.JPG,plant_village,test,late_blight,late_blight
1891,c0e1bf8b-8b3d-4e00-bbd7-dc134dd9ca42___RS_LB_3234.JPG,plant_village,test,late_blight,late_blight
1894,c16b698a-77b9-48f7-943a-457d475242ef___RS_LB_2918.JPG,plant_village,test,late_blight,late_blight
1901,c48719ce-1230-465b-b481-177b7e0f7074___RS_LB_3835.JPG,plant_village,test,late_blight,late_blight
1903,c4c1c25f-0594-4c81-a1e0-a609ee1f0808___RS_LB_2653.JPG,plant_village,test,late_blight,late_blight
1906,c60533e5-8080-4c77-8ae4-7c1f2f7350cb___RS_LB_2810.JPG,plant_village,test,late_blight,late_blight
1909,c6842cfb-6996-4a51-bc0a-7e2f89a903f0___RS_LB_3911.JPG,plant_village,test,late_blight,late_blight
1926,ca14c4bc-c9a5-4294-835e-6c3b81e61496___RS_LB_3080.JPG,plant_village,test,late_blight,late_blight
1927,cb4fe901-5ca8-43e9-9a4f-3b9bf34ea364___RS_LB_3943.JPG,plant_village,test,late_blight,late_blight
1928,cba4be0b-2554-4a9e-8dd0-94cbb2467388___RS_LB_3335.JPG,plant_village,test,late_blight,late_blight
1933,cd38f533-9b7d-4afd-bbd9-9ee5ab2aa3e8___RS_LB_2680.JPG,plant_village,test,late_blight,late_blight
1934,cd413b65-05b0-4bbd-9896-4951d11e920d___RS_LB_4575.JPG,plant_village,test,late_blight,late_blight
1938,ce5ec29b-599c-4c69-ba4d-04df7ab1c46f___RS_LB_4945.JPG,plant_village,test,late_blight,late_blight
1939,ced49a2c-c7b3-4c10-9475-2b004afebff1___RS_LB_4436.JPG,plant_village,test,late_blight,late_blight
1941,cf336796-9b96-4156-adc4-6fbeaebf2a6a___RS_LB_3207.JPG,plant_village,test,late_blight,late_blight
1942,cf83a586-2f2a-423b-8e1c-f7c284a20ec1___RS_LB_2785.JPG,plant_village,test,late_blight,late_blight
1951,d2f57448-1770-46dc-97e3-40247d37094b___RS_LB_4455.JPG,plant_village,test,late_blight,late_blight
1953,d30021ba-fbbd-451b-b257-1fc5c6ac54d4___RS_LB_4466.JPG,plant_village,test,late_blight,late_blight
1955,d36e9212-7594-4e4d-9062-0a98bc689729___RS_LB_5055.JPG,plant_village,test,late_blight,late_blight
1956,d378a0c5-d275-44a4-9f00-f7f180270f4d___RS_LB_2781.JPG,plant_village,test,late_blight,late_blight
1961,d3cbf715-a2a3-4024-ac5d-c6ae21a77720___RS_LB_2735.JPG,plant_village,test,late_blight,late_blight
1964,d438f9b3-2952-425e-8c5f-a92a21b35f5f___RS_LB_4470.JPG,plant_village,test,late_blight,late_blight
1970,d5a52702-2160-4f20-a1d8-49db59f83f9a___RS_LB_3213.JPG,plant_village,test,late_blight,late_blight
1972,d5f14365-91a1-41e4-95a5-9ae88c3ff4d6___RS_LB_5163.JPG,plant_village,test,late_blight,late_blight
1975,d6a4ae30-77a6-458c-99e4-c817e7234aa3___RS_LB_4706.JPG,plant_village,test,late_blight,late_blight
1978,d752ca70-320b-4d33-970f-8f3eead9141e___RS_LB_3166.JPG,plant_village,test,late_blight,late_blight
1982,d7fdf2fa-8a55-4ff5-86a2-ca73c5883e93___RS_LB_4665.JPG,plant_village,test,late_blight,late_blight
1985,d879aaf6-d557-4607-b7a0-ecbb3761f152___RS_LB_4723.JPG,plant_village,test,late_blight,late_blight
1991,d992e6d3-25c9-4bbb-a806-8bc1455e5c40___RS_LB_4968.JPG,plant_village,test,late_blight,late_blight
1995,dac19eb9-e4e3-4ca1-8183-268b839901c4___RS_LB_5208.JPG,plant_village,test,late_blight,late_blight
1998,db973ce3-7198-4ae8-910a-bb1a3046e353___RS_LB_5152.JPG,plant_village,test,late_blight,late_blight
2001,dc0ad08c-a096-4ad2-9a69-597c10e12f71___RS_LB_4869.JPG,plant_village,test,late_blight,late_blight
2008,dd55ba8d-a425-4b06-9996-bbf315d71e6e___RS_LB_2737.JPG,plant_village,test,late_blight,late_blight
2010,dd9b9122-fd29-4986-9dc3-330d4a48ccc3___RS_LB_5290.JPG,plant_village,test,late_blight,late_blight
2012,de282779-9d54-4b8f-8292-e06c3e020e16___RS_LB_3971.JPG,plant_village,test,late_blight,late_blight
2014,de63bbba-d8d0-4e74-95d7-6d5adfcd0955___RS_LB_3222.JPG,plant_village,test,late_blight,late_blight
2015,def9c9e1-fd12-44d9-92ae-18c5ff0f52da___RS_LB_2605.JPG,plant_village,test,late_blight,late_blight
2019,df60df5b-a619-4b38-926d-6372c0f6329a___RS_LB_5308.JPG,plant_village,test,late_blight,late_blight
2025,e08c2b56-3a54-4fcc-b814-85c55020278b___RS_LB_3991.JPG,plant_village,test,late_blight,late_blight
2027,e0a559bf-6345-4c5a-8b42-5545b52a2f1b___RS_LB_5456.JPG,plant_village,test,late_blight,late_blight
2030,e0e15d89-8c3b-43f5-8617-136b720e39cd___RS_LB_2668.JPG,plant_village,test,late_blight,late_blight
2037,e25a378e-0aa3-4ac6-b0b1-281a500b9502___RS_LB_4835.JPG,plant_village,test,late_blight,late_blight
2039,e26ad557-11c8-44fd-aad1-dea51c613742___RS_LB_5115.JPG,plant_village,test,late_blight,late_blight
2041,e2ce6696-9f6e-445c-a6c6-c765d659447a___RS_LB_4960.JPG,plant_village,test,late_blight,late_blight
2044,e3d4df7f-f184-453e-8a99-3cb0de5a2488___RS_LB_3959.JPG,plant_village,test,late_blight,late_blight
2048,e4735c8f-e6da-46a1-b0fe-b1d2355a1bd4___RS_LB_2796.JPG,plant_village,test,late_blight,late_blight
2051,e4a264b9-fbae-4f38-86ce-d0a7d70e92e1___RS_LB_5211.JPG,plant_village,test,late_blight,late_blight
2055,e71a27b3-20d5-40e8-ad01-4c1942d46654___RS_LB_4085.JPG,plant_village,test,late_blight,late_blight
2062,e95f2954-1b68-490d-9684-90b3080676b1___RS_LB_3997.JPG,plant_village,test,late_blight,late_blight
2065,e9cc84b7-fc38-4e65-a129-c7a63df76780___RS_LB_2705.JPG,plant_village,test,late_blight,late_blight
2068,ea350085-28c1-4fc0-9fb9-386536cb971e___RS_LB_4890.JPG,plant_village,test,late_blight,late_blight
2075,eb5ff6de-b988-42d7-87bf-374a4b938af9___RS_LB_4234.JPG,plant_village,test,late_blight,late_blight
2081,ecfc161f-11f6-449f-80c1-1b0254f5179a___RS_LB_4279.JPG,plant_village,test,late_blight,late_blight
2085,ee1e965f-2bee-4a7a-8356-1118c9e41cd3___RS_LB_4120.JPG,plant_village,test,late_blight,late_blight
2090,f14f54ba-3706-4f6e-8152-01226e55c86e___RS_LB_4237.JPG,plant_village,test,late_blight,healthy
2093,f1a2b03a-d724-4f81-a8d7-d7f38f26ea29___RS_LB_3039.JPG,plant_village,test,late_blight,late_blight
2094,f1b1a037-34e4-4016-a0bc-703059820f24___RS_LB_4343.JPG,plant_village,test,late_blight,late_blight
2095,f2676f08-798e-4291-8aa2-0655ca54cb07___RS_LB_4292.JPG,plant_village,test,late_blight,late_blight
2102,f4e0bb0f-5f98-497c-a090-4e4c47f6707b___RS_LB_5153.JPG,plant_village,test,late_blight,late_blight
2103,f4e6847d-d381-4849-9ff1-930cfb597d08___RS_LB_5097.JPG,plant_village,test,late_blight,late_blight
2104,f528b00d-99a6-41db-8d96-9eed58b519c1___RS_LB_4544.JPG,plant_village,test,late_blight,late_blight
2107,f5cf6151-96d1-49bb-af1b-fa6026d749e8___RS_LB_4048.JPG,plant_village,test,late_blight,late_blight
2108,f5f41985-23db-4902-96a1-db4d7f95a26a___RS_LB_3177.JPG,plant_village,test,late_blight,late_blight
2109,f62c0408-af09-4883-a780-7bd335e60443___RS_LB_5258.JPG,plant_village,test,late_blight,late_blight
2111,f7438ce7-c12a-40df-83a1-1ab0cde13bb0___RS_LB_3847.JPG,plant_village,test,late_blight,late_blight
2113,f795a3d7-2915-447c-9e6f-df1d895f98bc___RS_LB_2792.JPG,plant_village,test,late_blight,late_blight
2114,f7bbae6e-df8d-4f2a-b8b8-52c94d9bf2b5___RS_LB_3212.JPG,plant_village,test,late_blight,late_blight
2115,f81452c0-aa6a-4d2e-a4ba-c761a2e7870f___RS_LB_4280.JPG,plant_village,test,late_blight,late_blight
2118,f9102bc2-7c64-4dd8-afe5-d31db2159899___RS_LB_4401.JPG,plant_village,test,late_blight,late_blight
2121,f95a6bbd-39a3-48e7-a612-8833c2b7b3ff___RS_LB_2784.JPG,plant_village,test,late_blight,late_blight
2124,f9bd5093-1f62-4d00-bb66-7f65ce5c412b___RS_LB_2854.JPG,plant_village,test,late_blight,late_blight
2130,fb91b663-6a03-4165-8125-afc96e41ab5c___RS_LB_5130.JPG,plant_village,test,late_blight,late_blight
2134,fc759d3f-64c7-4e45-9a0c-5a2f07fd1055___RS_LB_3030.JPG,plant_village,test,late_blight,late_blight
2137,fd35fb86-6558-40f2-b8ac-6922e2107af5___RS_LB_4095.JPG,plant_village,test,late_blight,late_blight
2139,fdb4e132-c71b-413f-93c0-c863dd4582a7___RS_LB_2582.JPG,plant_village,test,late_blight,late_blight
2141,fdc86644-2491-4ace-b7e3-190e1d68ebba___RS_LB_5129.JPG,plant_village,test,late_blight,late_blight
2143,fe3eb287-4bb0-4a6f-b50e-253370bd19dd___RS_LB_4073.JPG,plant_village,test,late_blight,late_blight
2147,fe9d57f1-8e00-4069-963a-b344cceca7b3___RS_LB_4486.JPG,plant_village,test,late_blight,late_blight
2148,feefc118-4434-4ffb-afbb-02fb292f72b6___RS_LB_2874.JPG,plant_village,test,late_blight,late_blight
2150,ff7160f9-f8d7-4576-82b8-009bf1b63b3b___RS_LB_4974.JPG,plant_village,test,late_blight,late_blight
2153,Po_ear_blight_(2724).jpg,nzdl,test,early_blight,early_blight
2154,Po_ear_blight_(2726).jpg,nzdl,test,early_blight,early_blight
2155,Po_ear_blight_(2727).jpg,nzdl,test,early_blight,early_blight
2158,Po_ear_blight_(2737).jpg,nzdl,test,early_blight,early_blight
2159,Po_ear_blight_(2740).jpg,nzdl,test,early_blight,early_blight
2161,Po_ear_blight_(2746).jpg,nzdl,test,early_blight,early_blight
2162,Po_ear_blight_(2749).jpg,nzdl,test,early_blight,early_blight
2163,Po_ear_blight_(2753).jpg,nzdl,test,early_blight,early_blight
2171,Po_ear_blight_(2873).jpg,nzdl,test,early_blight,early_blight
2173,Po_ear_blight_(2881).jpg,nzdl,test,early_blight,early_blight
2175,Po_ear_blight_(2886).jpg,nzdl,test,early_blight,early_blight
2178,Po_ear_blight_(2889).jpg,nzdl,test,early_blight,early_blight
2186,Po_ear_blight_(2907).jpg,nzdl,test,early_blight,early_blight
2192,Po_ear_blight_(2918).jpg,nzdl,test,early_blight,early_blight
2195,Po_ear_blight_(2925).jpg,nzdl,test,early_blight,early_blight
2201,Po_ear_blight_(2932).jpg,nzdl,test,early_blight,early_blight
2204,Po_ear_blight_(2940).jpg,nzdl,test,early_blight,early_blight
2219,Po_ear_blight_(2965).jpg,nzdl,test,early_blight,early_blight
2222,Po_ear_blight_(2972).jpg,nzdl,test,early_blight,early_blight
2225,Po_ear_blight_(2980).jpg,nzdl,test,early_blight,early_blight
2227,Po_ear_blight_(2985).jpg,nzdl,test,early_blight,early_blight
2229,Po_ear_blight_(2987).jpg,nzdl,test,early_blight,early_blight
2230,Po_ear_blight_(2988).jpg,nzdl,test,early_blight,early_blight
2231,Po_ear_blight_(2989).jpg,nzdl,test,early_blight,early_blight
2234,Po_ear_blight_(2992).jpg,nzdl,test,early_blight,early_blight
2235,Po_ear_blight_(2775).jpg,nzdl,test,early_blight,early_blight
2243,Po_ear_blight_(2796).jpg,nzdl,test,early_blight,early_blight
2253,Po_ear_blight_(2821).jpg,nzdl,test,early_blight,early_blight
2255,Po_ear_blight_(2825).jpg,nzdl,test,early_blight,late_blight
2256,Po_ear_blight_(2828).jpg,nzdl,test,early_blight,early_blight
2258,Po_ear_blight_(2833).jpg,nzdl,test,early_blight,late_blight
2259,Po_ear_blight_(2836).jpg,nzdl,test,early_blight,early_blight
2261,Po_ear_blight_(2842).jpg,nzdl,test,early_blight,early_blight
2264,Po_ear_blight_(2859).jpg,nzdl,test,early_blight,early_blight
2267,Po_ear_blight_(2862).jpg,nzdl,test,early_blight,early_blight
2269,Po_ear_blight_(2865).jpg,nzdl,test,early_blight,early_blight
2274,Po_healthy_l_(2004).jpg,nzdl,test,healthy,healthy
2275,Po_healthy_l_(2005).jpg,nzdl,test,healthy,healthy
2280,Po_healthy_l_(2010).jpg,nzdl,test,healthy,healthy
2284,Po_healthy_l_(2014).jpg,nzdl,test,healthy,healthy
2289,Po_healthy_l_(2019).jpg,nzdl,test,healthy,healthy
2290,Po_healthy_l_(2058).jpg,nzdl,test,healthy,healthy
2294,Po_healthy_l_(2062).jpg,nzdl,test,healthy,healthy
2299,Po_healthy_l_(2067).jpg,nzdl,test,healthy,healthy
2305,Po_healthy_l_(2073).jpg,nzdl,test,healthy,healthy
2309,Po_healthy_l_(2077).jpg,nzdl,test,healthy,healthy
2312,Po_healthy_l_(2080).jpg,nzdl,test,healthy,healthy
2315,Po_healthy_l_(2083).jpg,nzdl,test,healthy,healthy
2320,Po_healthy_l_(2088).jpg,nzdl,test,healthy,healthy
2323,Po_healthy_l_(2091).jpg,nzdl,test,healthy,healthy
2328,Po_healthy_l_(2096).jpg,nzdl,test,healthy,healthy
2332,Po_healthy_l_(2100).jpg,nzdl,test,healthy,healthy
2334,Po_healthy_l_(2102).jpg,nzdl,test,healthy,healthy
2340,Po_healthy_l_(2108).jpg,nzdl,test,healthy,healthy
2344,Po_healthy_l_(2112).jpg,nzdl,test,healthy,healthy
2346,Po_healthy_l_(2114).jpg,nzdl,test,healthy,healthy
2348,Po_healthy_l_(2116).jpg,nzdl,test,healthy,healthy
2352,Po_healthy_l_(2120).jpg,nzdl,test,healthy,healthy
2357,Po_healthy_l_(2125).jpg,nzdl,test,healthy,healthy
2358,Po_healthy_l_(2126).jpg,nzdl,test,healthy,healthy
2360,Po_healthy_l_(2128).jpg,nzdl,test,healthy,healthy
2368,Po_healthy_l_(2136).jpg,nzdl,test,healthy,healthy
2372,Po_healthy_l_(2140).jpg,nzdl,test,healthy,healthy
2379,Po_healthy_l_(2148).jpg,nzdl,test,healthy,healthy
2385,Po_healthy_l_(2154).jpg,nzdl,test,healthy,healthy
2387,Po_healthy_l_(2156).jpg,nzdl,test,healthy,healthy
2391,Po_healthy_l_(2160).jpg,nzdl,test,healthy,healthy
2392,Po_healthy_l_(2161).jpg,nzdl,test,healthy,healthy
2401,Po_healthy_l_(2170).jpg,nzdl,test,healthy,healthy
2402,Po_healthy_l_(2171).jpg,nzdl,test,healthy,healthy
2403,Po_healthy_l_(2172).jpg,nzdl,test,healthy,healthy
2406,Po_healthy_l_(2175).jpg,nzdl,test,healthy,healthy
2408,Po_healthy_l_(2177).jpg,nzdl,test,healthy,healthy
2414,Po_healthy_l_(2183).jpg,nzdl,test,healthy,healthy
2416,Po_healthy_l_(2185).jpg,nzdl,test,healthy,healthy
2419,Po_healthy_l_(2188).jpg,nzdl,test,healthy,healthy
2422,Po_healthy_l_(2191).jpg,nzdl,test,healthy,healthy
2423,Po_healthy_l_(2192).jpg,nzdl,test,healthy,healthy
2428,Po_healthy_l_(2197).jpg,nzdl,test,healthy,healthy
2431,Po_healthy_l_(2200).jpg,nzdl,test,healthy,healthy
2432,Po_healthy_l_(2020).jpg,nzdl,test,healthy,healthy
2434,Po_healthy_l_(2022).jpg,nzdl,test,healthy,healthy
2435,Po_healthy_l_(2023).jpg,nzdl,test,healthy,healthy
2436,Po_healthy_l_(2024).jpg,nzdl,test,healthy,healthy
2437,Po_healthy_l_(2025).jpg,nzdl,test,healthy,healthy
2439,Po_healthy_l_(2027).jpg,nzdl,test,healthy,healthy
2442,Po_healthy_l_(2030).jpg,nzdl,test,healthy,healthy
2444,Po_healthy_l_(2032).jpg,nzdl,test,healthy,healthy
2445,Po_healthy_l_(2033).jpg,nzdl,test,healthy,healthy
2447,Po_healthy_l_(2035).jpg,nzdl,test,healthy,healthy
2454,Po_healthy_l_(2042).jpg,nzdl,test,healthy,healthy
2456,Po_healthy_l_(2044).jpg,nzdl,test,healthy,healthy
2457,Po_healthy_l_(2045).jpg,nzdl,test,healthy,healthy
2460,Po_healthy_l_(2048).jpg,nzdl,test,healthy,healthy
2462,Po_healthy_l_(2050).jpg,nzdl,test,healthy,healthy
2464,Po_healthy_l_(2052).jpg,nzdl,test,healthy,healthy
2470,Po_lt_blight_(641).jpg,nzdl,test,late_blight,late_blight
2471,Po_lt_blight_(642).jpg,nzdl,test,late_blight,late_blight
2474,Po_lt_blight_(645).jpg,nzdl,test,late_blight,late_blight
2476,Po_lt_blight_(659).jpg,nzdl,test,late_blight,late_blight
2477,Po_lt_blight_(660).jpg,nzdl,test,late_blight,late_blight
2478,Po_lt_blight_(661).jpg,nzdl,test,late_blight,late_blight
2479,Po_lt_blight_(662).jpg,nzdl,test,late_blight,late_blight
2480,Po_lt_blight_(663).jpg,nzdl,test,late_blight,late_blight
2482,Po_lt_blight_(665).jpg,nzdl,test,late_blight,late_blight
2483,Po_lt_blight_(666).jpg,nzdl,test,late_blight,late_blight
2495,Po_lt_blight_(680).jpg,nzdl,test,late_blight,late_blight
2499,Po_lt_blight_(684).jpg,nzdl,test,late_blight,late_blight
2505,Po_lt_blight_(693).jpg,nzdl,test,late_blight,late_blight
2515,Po_lt_blight_(703).jpg,nzdl,test,late_blight,late_blight
2516,Po_lt_blight_(704).jpg,nzdl,test,late_blight,late_blight
2517,Po_lt_blight_(646).jpg,nzdl,test,late_blight,late_blight
2519,Po_lt_blight_(650).jpg,nzdl,test,late_blight,late_blight
